"Date","Price","Open","High","Low","Vol.","Change %"
"15-01-2013","1,586.95","1,605.45","1,605.45","1,582.20","57.64K","-0.42%"
"16-01-2013","1,572.70","1,588.05","1,591.15","1,570.00","62.35K","-0.90%"
"17-01-2013","1,599.90","1,577.15","1,645.80","1,570.00","225.98K","1.73%"
"18-01-2013","1,587.00","1,609.80","1,614.70","1,578.55","71.61K","-0.81%"
"21-01-2013","1,596.90","1,594.75","1,621.00","1,587.95","64.27K","0.62%"
"22-01-2013","1,578.90","1,596.95","1,609.90","1,572.30","48.90K","-1.13%"
"23-01-2013","1,556.00","1,581.15","1,592.50","1,535.00","83.08K","-1.45%"
"24-01-2013","1,528.60","1,558.00","1,574.40","1,516.15","75.18K","-1.76%"
"25-01-2013","1,584.60","1,538.60","1,603.70","1,533.40","248.51K","3.66%"
"28-01-2013","1,570.25","1,598.95","1,612.15","1,561.70","107.37K","-0.91%"
"29-01-2013","1,549.05","1,570.25","1,577.95","1,545.10","71.13K","-1.35%"
"30-01-2013","1,523.00","1,555.00","1,559.80","1,511.60","90.63K","-1.68%"
"31-01-2013","1,503.70","1,523.00","1,530.05","1,495.00","57.39K","-1.27%"
"01-02-2013","1,521.60","1,504.00","1,551.90","1,500.00","105.24K","1.19%"
"04-02-2013","1,508.90","1,533.10","1,549.00","1,505.00","58.59K","-0.83%"
"05-02-2013","1,504.25","1,502.05","1,524.65","1,483.15","70.95K","-0.31%"
"06-02-2013","1,512.65","1,519.35","1,531.00","1,506.00","63.39K","0.56%"
"07-02-2013","1,498.80","1,515.00","1,525.10","1,490.40","49.88K","-0.92%"
"08-02-2013","1,485.80","1,510.00","1,510.00","1,472.25","47.75K","-0.87%"
"11-02-2013","1,483.15","1,498.40","1,511.95","1,476.00","43.54K","-0.18%"
"12-02-2013","1,489.55","1,490.45","1,505.90","1,478.00","47.89K","0.43%"
"13-02-2013","149.39","149.83","153.90","148.06","1.62M","-89.97%"
"14-02-2013","148.15","149.25","150.79","148.00","331.52K","-0.83%"
"15-02-2013","148.56","148.00","150.00","148.00","424.02K","0.28%"
"18-02-2013","149.15","149.12","151.30","148.62","525.44K","0.40%"
"19-02-2013","151.32","149.79","152.46","148.62","922.34K","1.45%"
"20-02-2013","151.86","152.00","153.50","151.30","550.04K","0.36%"
"21-02-2013","151.07","151.44","154.90","150.21","1.51M","-0.52%"
"22-02-2013","150.76","151.99","152.00","150.10","401.63K","-0.21%"
"25-02-2013","148.43","151.91","152.49","142.00","1.66M","-1.55%"
"26-02-2013","146.32","148.20","148.99","145.66","419.03K","-1.42%"
"27-02-2013","146.96","147.76","149.50","142.05","756.33K","0.44%"
"28-02-2013","144.22","150.00","150.00","143.80","328.88K","-1.86%"
"01-03-2013","142.22","144.20","145.37","141.52","321.55K","-1.39%"
"04-03-2013","142.87","142.14","145.20","140.50","362.36K","0.46%"
"05-03-2013","146.18","144.69","147.30","143.20","356.38K","2.32%"
"06-03-2013","149.21","146.96","150.40","145.50","641.47K","2.07%"
"07-03-2013","150.19","149.21","151.00","147.43","821.32K","0.66%"
"08-03-2013","150.87","150.50","152.50","150.21","330.46K","0.45%"
"11-03-2013","150.94","150.50","152.30","150.50","330.63K","0.05%"
"12-03-2013","158.79","151.00","160.50","150.98","4.39M","5.20%"
"13-03-2013","155.34","158.50","160.68","154.40","1.89M","-2.17%"
"14-03-2013","159.95","156.07","162.40","154.00","2.00M","2.97%"
"15-03-2013","157.31","160.90","161.12","156.40","683.09K","-1.65%"
"18-03-2013","156.56","156.90","158.80","155.10","451.22K","-0.48%"
"19-03-2013","151.10","156.40","157.49","149.70","548.93K","-3.49%"
"20-03-2013","148.55","151.19","151.19","147.20","664.98K","-1.69%"
"21-03-2013","148.01","149.84","151.40","147.50","769.25K","-0.36%"
"22-03-2013","148.34","148.30","149.80","146.64","256.22K","0.22%"
"25-03-2013","147.53","149.01","152.50","147.03","538.33K","-0.55%"
"26-03-2013","147.01","148.50","148.80","146.15","171.23K","-0.35%"
"28-03-2013","147.55","147.90","150.27","146.55","830.25K","0.37%"
"01-04-2013","149.89","146.90","151.20","146.90","658.69K","1.59%"
"02-04-2013","154.75","148.40","156.90","148.40","1.37M","3.24%"
"03-04-2013","153.54","152.10","157.50","152.10","703.41K","-0.78%"
"04-04-2013","150.47","153.30","154.49","150.10","290.21K","-2.00%"
"05-04-2013","151.87","150.00","155.27","150.00","507.34K","0.93%"
"08-04-2013","151.56","151.90","154.30","151.01","342.35K","-0.20%"
"09-04-2013","150.22","151.45","153.60","147.84","403.45K","-0.88%"
"10-04-2013","150.34","150.51","152.00","148.50","241.60K","0.08%"
"11-04-2013","150.73","151.10","153.46","150.12","280.29K","0.26%"
"12-04-2013","149.34","151.10","151.10","149.00","128.12K","-0.92%"
"15-04-2013","150.04","149.20","151.60","149.00","157.91K","0.47%"
"16-04-2013","150.88","150.78","153.40","150.04","326.76K","0.56%"
"17-04-2013","151.13","151.50","152.79","150.71","198.28K","0.17%"
"18-04-2013","151.79","149.60","155.70","149.60","936.74K","0.44%"
"22-04-2013","152.81","152.60","153.32","151.15","199.34K","0.67%"
"23-04-2013","152.12","153.00","154.00","151.51","229.10K","-0.45%"
"25-04-2013","151.53","153.00","153.44","151.25","172.97K","-0.39%"
"26-04-2013","151.73","151.53","155.90","150.26","657.00K","0.13%"
"29-04-2013","154.29","150.50","155.60","148.91","872.57K","1.69%"
"30-04-2013","159.28","154.00","161.00","154.00","1.80M","3.23%"
"02-05-2013","161.25","160.07","164.10","156.11","1.06M","1.24%"
"03-05-2013","162.17","162.00","163.90","160.01","563.01K","0.57%"
"06-05-2013","163.01","163.40","164.50","161.50","406.07K","0.52%"
"07-05-2013","163.65","163.70","164.54","162.64","341.48K","0.39%"
"08-05-2013","163.43","164.10","167.97","162.18","1.42M","-0.13%"
"09-05-2013","162.91","163.63","164.70","162.20","337.94K","-0.32%"
"10-05-2013","163.69","162.91","166.03","162.46","635.43K","0.48%"
"13-05-2013","163.16","165.10","167.49","162.40","544.00K","-0.32%"
"14-05-2013","156.33","158.51","160.78","155.80","1.05M","-4.19%"
"15-05-2013","157.36","158.28","159.30","157.02","353.04K","0.66%"
"16-05-2013","156.63","155.90","158.40","155.12","193.19K","-0.46%"
"17-05-2013","155.72","157.60","157.60","154.73","228.86K","-0.58%"
"20-05-2013","154.83","156.94","158.90","154.12","253.16K","-0.57%"
"21-05-2013","153.47","156.09","156.09","152.56","384.60K","-0.88%"
"22-05-2013","152.89","154.27","154.84","152.37","209.68K","-0.38%"
"23-05-2013","151.40","153.70","153.70","150.09","313.94K","-0.97%"
"24-05-2013","152.24","153.00","153.29","151.25","217.88K","0.55%"
"27-05-2013","152.03","152.15","153.80","151.50","256.14K","-0.14%"
"28-05-2013","151.29","151.50","152.50","150.60","295.91K","-0.49%"
"29-05-2013","151.57","152.10","153.39","151.00","213.16K","0.19%"
"30-05-2013","150.07","151.00","152.45","148.80","376.88K","-0.99%"
"31-05-2013","148.68","149.00","150.00","148.00","169.54K","-0.93%"
"03-06-2013","146.74","148.50","149.75","145.10","134.75K","-1.30%"
"04-06-2013","146.22","145.30","150.90","145.30","478.28K","-0.35%"
"05-06-2013","145.95","144.90","147.00","144.90","112.19K","-0.18%"
"06-06-2013","146.37","146.50","147.00","145.53","88.04K","0.29%"
"07-06-2013","145.17","146.62","148.49","144.60","142.78K","-0.82%"
"10-06-2013","142.56","144.68","146.05","142.11","173.12K","-1.80%"
"11-06-2013","137.57","141.90","141.90","137.00","260.61K","-3.50%"
"12-06-2013","110.06","137.20","137.22","110.06","5.90M","-20.00%"
"13-06-2013","102.64","88.05","109.80","88.05","34.11M","-6.74%"
"14-06-2013","109.11","106.50","111.40","106.50","9.55M","6.30%"
"17-06-2013","110.62","110.64","112.92","109.56","3.45M","1.38%"
"18-06-2013","110.61","111.68","113.55","110.10","2.81M","-0.01%"
"19-06-2013","108.36","111.44","111.70","108.00","1.71M","-2.03%"
"20-06-2013","104.88","107.50","107.50","101.51","1.42M","-3.21%"
"21-06-2013","98.41","104.50","104.50","90.50","2.87M","-6.17%"
"24-06-2013","95.93","98.00","98.29","94.81","1.80M","-2.52%"
"25-06-2013","98.47","95.92","99.90","93.28","2.23M","2.65%"
"26-06-2013","96.52","99.00","101.49","95.10","1.44M","-1.98%"
"27-06-2013","98.42","97.09","99.30","96.72","1.12M","1.97%"
"28-06-2013","99.69","99.80","100.29","98.53","867.20K","1.29%"
"01-07-2013","101.53","99.90","102.09","99.80","1.26M","1.85%"
"02-07-2013","99.90","102.00","103.00","99.36","1.22M","-1.61%"
"03-07-2013","97.80","99.40","99.88","97.10","628.64K","-2.10%"
"04-07-2013","99.11","97.70","101.25","97.70","1.00M","1.34%"
"05-07-2013","100.00","99.88","102.38","99.00","1.34M","0.90%"
"08-07-2013","98.62","99.30","99.59","97.30","391.45K","-1.38%"
"09-07-2013","100.02","99.49","101.40","99.20","722.23K","1.42%"
"10-07-2013","107.81","101.22","109.45","101.22","6.31M","7.79%"
"11-07-2013","107.91","109.50","110.90","107.12","2.31M","0.09%"
"12-07-2013","106.84","108.02","108.68","105.23","794.20K","-0.99%"
"15-07-2013","107.58","106.31","108.79","104.88","828.78K","0.69%"
"16-07-2013","107.04","106.60","110.00","105.17","1.26M","-0.50%"
"17-07-2013","107.71","108.00","111.70","106.70","2.59M","0.63%"
"18-07-2013","106.30","108.22","110.70","105.50","1.36M","-1.31%"
"19-07-2013","106.64","107.20","108.48","106.00","709.55K","0.32%"
"22-07-2013","105.81","107.20","107.98","105.11","552.86K","-0.78%"
"23-07-2013","106.31","106.30","107.60","105.88","443.19K","0.47%"
"24-07-2013","103.16","106.00","106.00","101.81","660.51K","-2.96%"
"25-07-2013","101.95","103.00","104.39","101.40","527.75K","-1.17%"
"26-07-2013","107.28","102.31","110.60","98.01","4.82M","5.23%"
"29-07-2013","107.25","107.84","110.48","105.70","1.87M","-0.03%"
"30-07-2013","104.24","108.00","108.20","102.54","815.30K","-2.81%"
"31-07-2013","105.67","103.00","107.50","99.00","1.42M","1.37%"
"01-08-2013","103.26","106.50","106.76","102.23","624.64K","-2.28%"
"02-08-2013","99.30","103.28","103.97","98.10","1.07M","-3.83%"
"05-08-2013","100.48","99.60","101.20","98.41","557.71K","1.19%"
"06-08-2013","97.03","99.00","99.90","95.83","889.82K","-3.43%"
"07-08-2013","96.94","98.00","98.48","95.50","468.89K","-0.09%"
"08-08-2013","96.61","97.10","99.69","96.10","729.60K","-0.34%"
"12-08-2013","97.33","97.33","98.90","97.06","428.33K","0.75%"
"13-08-2013","99.78","98.22","100.83","97.64","912.45K","2.52%"
"14-08-2013","102.04","99.90","103.50","99.80","1.43M","2.26%"
"16-08-2013","96.62","101.20","101.69","96.12","714.85K","-5.31%"
"19-08-2013","96.38","96.70","98.34","95.60","451.22K","-0.25%"
"20-08-2013","97.61","95.00","98.18","94.01","689.64K","1.28%"
"21-08-2013","95.47","98.14","98.83","94.75","779.60K","-2.19%"
"22-08-2013","95.88","95.00","97.50","94.01","497.22K","0.43%"
"23-08-2013","95.67","96.60","96.89","95.22","374.17K","-0.22%"
"26-08-2013","97.24","95.50","99.20","95.50","698.33K","1.64%"
"27-08-2013","94.91","96.00","96.77","94.50","340.99K","-2.40%"
"28-08-2013","93.76","94.20","95.00","92.03","418.34K","-1.21%"
"29-08-2013","94.16","94.90","95.88","93.80","375.94K","0.43%"
"30-08-2013","94.14","94.00","96.04","93.80","361.58K","-0.02%"
"02-09-2013","95.12","94.50","96.70","94.30","519.91K","1.04%"
"03-09-2013","94.62","95.30","95.80","94.10","545.16K","-0.53%"
"04-09-2013","94.36","95.00","95.60","93.97","819.68K","-0.27%"
"05-09-2013","94.46","95.50","96.00","94.25","347.33K","0.11%"
"06-09-2013","94.28","95.34","95.34","93.60","547.78K","-0.19%"
"10-09-2013","98.72","95.00","100.49","95.00","2.09M","4.71%"
"11-09-2013","100.33","99.30","101.69","97.34","1.39M","1.63%"
"12-09-2013","101.16","101.09","105.47","100.10","1.71M","0.83%"
"13-09-2013","101.08","101.40","102.49","100.10","438.33K","-0.08%"
"16-09-2013","101.28","102.30","102.30","100.60","531.03K","0.20%"
"17-09-2013","99.93","101.20","101.50","99.53","180.95K","-1.33%"
"18-09-2013","101.81","99.90","103.50","99.01","717.53K","1.88%"
"19-09-2013","103.43","103.50","104.90","102.20","1.02M","1.59%"
"20-09-2013","101.39","103.50","104.98","99.50","841.55K","-1.97%"
"23-09-2013","101.88","100.40","103.88","100.20","802.95K","0.48%"
"24-09-2013","100.54","101.50","102.69","100.10","519.42K","-1.32%"
"25-09-2013","99.15","100.80","101.62","98.59","379.35K","-1.38%"
"26-09-2013","100.77","99.80","101.00","99.00","913.74K","1.63%"
"27-09-2013","100.44","100.62","102.00","100.01","494.85K","-0.33%"
"30-09-2013","99.12","99.50","100.50","98.42","358.71K","-1.31%"
"01-10-2013","100.07","99.60","100.79","98.50","343.10K","0.96%"
"03-10-2013","101.05","101.00","103.20","100.61","1.06M","0.98%"
"04-10-2013","100.81","101.60","102.89","100.50","408.35K","-0.24%"
"07-10-2013","100.82","100.50","101.77","100.01","368.32K","0.01%"
"08-10-2013","100.10","101.49","101.66","99.50","309.83K","-0.71%"
"09-10-2013","100.67","100.20","101.30","99.90","424.69K","0.57%"
"10-10-2013","107.50","100.80","110.20","100.80","7.40M","6.78%"
"11-10-2013","110.72","109.00","112.40","107.00","3.72M","3.00%"
"14-10-2013","110.90","110.80","114.40","110.50","2.13M","0.16%"
"15-10-2013","107.67","111.50","113.00","107.11","1.27M","-2.91%"
"17-10-2013","111.57","107.62","112.75","107.62","1.44M","3.62%"
"18-10-2013","111.26","112.18","113.33","110.16","1.07M","-0.28%"
"21-10-2013","111.35","111.80","113.00","110.50","804.95K","0.08%"
"22-10-2013","110.58","111.77","113.50","110.25","926.29K","-0.69%"
"23-10-2013","108.50","110.80","110.99","107.80","607.08K","-1.88%"
"24-10-2013","110.83","108.10","115.72","108.10","2.24M","2.15%"
"25-10-2013","109.25","110.50","111.49","107.00","650.50K","-1.43%"
"28-10-2013","107.40","109.96","109.97","107.00","465.69K","-1.69%"
"29-10-2013","107.94","107.98","109.80","106.00","605.98K","0.50%"
"30-10-2013","108.65","108.60","110.80","107.04","673.61K","0.66%"
"31-10-2013","109.39","109.39","110.30","108.50","542.79K","0.68%"
"01-11-2013","112.48","109.00","113.80","109.00","1.84M","2.82%"
"05-11-2013","113.86","112.80","115.90","111.50","1.26M","1.23%"
"06-11-2013","113.05","113.86","118.29","112.40","3.02M","-0.71%"
"07-11-2013","105.47","113.20","115.59","102.00","6.35M","-6.70%"
"08-11-2013","102.95","106.00","106.50","101.20","1.50M","-2.39%"
"11-11-2013","100.89","102.00","103.69","100.51","561.84K","-2.00%"
"12-11-2013","101.97","101.00","104.25","100.20","1.05M","1.07%"
"13-11-2013","101.25","102.60","103.45","100.62","481.06K","-0.71%"
"14-11-2013","102.34","101.50","103.60","101.34","564.25K","1.08%"
"18-11-2013","102.92","102.70","103.80","102.31","408.24K","0.57%"
"19-11-2013","102.97","102.50","103.90","102.50","373.75K","0.05%"
"20-11-2013","102.72","103.00","105.50","101.78","1.35M","-0.24%"
"21-11-2013","100.66","103.00","103.50","100.00","454.23K","-2.01%"
"22-11-2013","99.64","101.02","103.78","99.00","1.03M","-1.01%"
"25-11-2013","99.86","100.10","101.75","99.52","564.69K","0.22%"
"26-11-2013","99.75","100.67","101.43","99.30","467.53K","-0.11%"
"27-11-2013","97.89","100.00","100.60","97.50","891.12K","-1.86%"
"28-11-2013","97.94","98.80","99.28","97.40","794.38K","0.05%"
"29-11-2013","98.75","97.80","99.83","97.80","974.97K","0.83%"
"02-12-2013","99.33","98.80","101.15","98.80","793.49K","0.59%"
"03-12-2013","98.94","99.40","100.22","98.50","452.65K","-0.39%"
"04-12-2013","99.32","98.50","101.90","98.50","1.99M","0.38%"
"05-12-2013","99.64","100.33","102.39","99.18","1.53M","0.32%"
"06-12-2013","99.51","99.60","100.50","99.30","470.28K","-0.13%"
"09-12-2013","99.19","100.90","101.00","99.00","582.44K","-0.32%"
"10-12-2013","98.80","99.50","100.60","98.14","731.21K","-0.39%"
"11-12-2013","97.81","99.29","99.48","97.36","459.03K","-1.00%"
"12-12-2013","96.34","98.10","98.90","96.00","762.71K","-1.50%"
"13-12-2013","95.69","95.50","96.90","95.32","542.21K","-0.67%"
"16-12-2013","95.78","95.01","97.00","95.01","657.04K","0.09%"
"17-12-2013","96.28","95.81","97.20","95.81","403.19K","0.52%"
"18-12-2013","97.03","95.66","97.88","95.66","492.85K","0.78%"
"19-12-2013","96.11","97.50","97.80","95.80","365.04K","-0.95%"
"20-12-2013","97.89","95.60","98.90","95.60","982.30K","1.85%"
"23-12-2013","98.68","98.00","99.77","98.00","508.81K","0.81%"
"24-12-2013","98.45","99.00","99.50","97.90","404.66K","-0.23%"
"26-12-2013","99.17","98.00","100.80","97.91","1.09M","0.73%"
"27-12-2013","98.73","99.22","99.90","98.50","297.10K","-0.44%"
"30-12-2013","98.47","99.03","99.44","98.00","362.62K","-0.26%"
"31-12-2013","97.97","99.00","99.10","97.60","470.08K","-0.51%"
"01-01-2014","99.25","98.60","100.50","98.03","971.11K","1.31%"
"02-01-2014","98.26","99.53","101.24","98.10","1.02M","-1.00%"
"03-01-2014","98.70","98.00","99.05","97.70","385.62K","0.45%"
"06-01-2014","98.48","99.00","99.47","98.20","282.73K","-0.22%"
"07-01-2014","101.78","98.14","103.00","98.14","2.83M","3.35%"
"08-01-2014","102.89","102.57","104.30","101.47","2.65M","1.09%"
"09-01-2014","104.99","103.40","105.50","101.62","3.22M","2.04%"
"10-01-2014","104.67","105.00","109.09","103.08","4.05M","-0.30%"
"13-01-2014","102.19","105.19","105.57","101.21","941.66K","-2.37%"
"14-01-2014","101.77","102.40","103.77","101.30","736.27K","-0.41%"
"15-01-2014","101.98","101.62","103.20","101.60","515.43K","0.21%"
"16-01-2014","99.38","102.12","102.47","99.02","523.41K","-2.55%"
"17-01-2014","96.39","99.90","99.90","96.10","916.20K","-3.01%"
"20-01-2014","97.00","96.50","97.42","95.61","875.90K","0.63%"
"21-01-2014","97.35","97.60","98.78","97.00","926.79K","0.36%"
"22-01-2014","95.11","98.40","99.00","94.51","2.29M","-2.30%"
"23-01-2014","92.67","95.20","95.70","92.50","1.60M","-2.57%"
"24-01-2014","91.18","92.77","93.09","90.90","978.41K","-1.61%"
"27-01-2014","88.92","90.00","90.20","88.20","721.30K","-2.48%"
"28-01-2014","89.16","88.22","90.35","88.22","556.34K","0.27%"
"29-01-2014","89.72","89.50","91.90","89.50","1.03M","0.63%"
"30-01-2014","87.97","88.80","89.20","87.00","835.81K","-1.95%"
"31-01-2014","87.81","87.71","89.49","87.41","638.44K","-0.18%"
"03-02-2014","87.73","87.30","89.18","87.30","642.25K","-0.09%"
"04-02-2014","89.69","87.00","90.80","87.00","1.60M","2.23%"
"05-02-2014","89.80","90.20","92.61","89.39","1.78M","0.12%"
"06-02-2014","90.97","90.47","91.60","89.58","860.89K","1.30%"
"07-02-2014","91.41","91.50","92.80","91.00","1.19M","0.48%"
"10-02-2014","89.60","92.00","92.08","89.33","524.64K","-1.98%"
"11-02-2014","90.77","89.50","91.89","89.50","1.02M","1.31%"
"12-02-2014","90.16","90.80","91.50","89.80","302.67K","-0.67%"
"13-02-2014","88.06","90.74","90.74","87.82","585.43K","-2.33%"
"14-02-2014","88.14","89.00","89.30","87.10","368.34K","0.09%"
"17-02-2014","87.44","88.77","88.77","87.25","370.48K","-0.79%"
"18-02-2014","87.94","87.83","88.50","86.83","474.48K","0.57%"
"19-02-2014","90.45","88.44","91.50","88.44","1.54M","2.85%"
"20-02-2014","92.56","90.75","94.10","90.50","4.19M","2.33%"
"21-02-2014","91.56","93.40","94.72","91.05","1.36M","-1.08%"
"24-02-2014","91.43","91.56","92.99","91.01","908.16K","-0.14%"
"25-02-2014","90.93","92.14","93.00","90.70","799.10K","-0.55%"
"26-02-2014","90.84","91.50","92.59","90.61","1.29M","-0.10%"
"28-02-2014","90.97","91.58","92.30","90.62","919.29K","0.14%"
"03-03-2014","88.81","91.10","91.51","88.23","855.31K","-2.37%"
"04-03-2014","91.33","89.47","93.39","89.46","3.60M","2.84%"
"05-03-2014","91.00","92.09","92.26","90.50","661.23K","-0.36%"
"06-03-2014","91.50","91.69","92.80","91.03","1.12M","0.55%"
"07-03-2014","90.48","91.80","92.40","89.72","1.14M","-1.11%"
"10-03-2014","90.51","90.80","92.40","90.12","1.57M","0.03%"
"11-03-2014","91.81","91.30","93.06","91.00","1.94M","1.44%"
"12-03-2014","95.38","92.19","97.70","92.19","8.11M","3.89%"
"13-03-2014","93.93","96.10","96.67","93.47","1.95M","-1.52%"
"14-03-2014","93.07","93.70","93.89","92.30","916.56K","-0.92%"
"18-03-2014","92.35","93.70","93.97","91.75","807.51K","-0.77%"
"19-03-2014","93.31","92.99","94.70","92.25","1.13M","1.04%"
"20-03-2014","93.23","93.80","94.68","93.00","1.41M","-0.09%"
"21-03-2014","93.56","93.20","94.49","93.20","590.04K","0.35%"
"22-03-2014","934.80","940.00","941.20","933.00","9.85K","899.14%"
"24-03-2014","94.20","93.50","94.50","93.50","922.89K","-89.92%"
"25-03-2014","94.81","94.00","96.00","94.00","1.61M","0.65%"
"26-03-2014","92.77","94.90","95.60","91.80","1.12M","-2.15%"
"27-03-2014","92.84","93.40","93.84","92.40","559.50K","0.08%"
"28-03-2014","94.19","93.05","95.20","92.40","1.12M","1.45%"
"31-03-2014","95.41","94.89","97.40","94.40","2.74M","1.30%"
"01-04-2014","102.92","95.80","104.14","94.80","8.79M","7.87%"
"02-04-2014","101.61","103.85","105.00","101.00","3.24M","-1.27%"
"03-04-2014","101.89","102.00","104.00","101.00","1.86M","0.28%"
"04-04-2014","100.33","102.60","104.42","99.67","1.97M","-1.53%"
"07-04-2014","100.75","101.08","102.48","100.00","1.45M","0.42%"
"09-04-2014","104.95","101.59","107.50","101.21","3.96M","4.17%"
"10-04-2014","103.28","105.50","106.40","102.90","1.15M","-1.59%"
"11-04-2014","103.25","103.51","105.28","102.22","1.06M","-0.03%"
"15-04-2014","102.48","103.97","105.18","102.01","1.22M","-0.75%"
"16-04-2014","101.27","102.86","103.27","101.00","782.83K","-1.18%"
"17-04-2014","102.89","101.80","103.80","100.25","1.02M","1.60%"
"21-04-2014","102.61","103.72","104.79","102.22","1.26M","-0.27%"
"22-04-2014","101.97","102.02","103.55","101.65","715.43K","-0.62%"
"23-04-2014","103.88","102.77","104.88","102.53","1.20M","1.87%"
"25-04-2014","105.08","104.40","106.20","103.83","2.18M","1.16%"
"28-04-2014","104.14","105.22","105.72","103.80","877.61K","-0.89%"
"29-04-2014","102.52","104.14","104.63","102.10","584.34K","-1.56%"
"30-04-2014","100.73","103.30","104.00","98.60","947.89K","-1.75%"
"02-05-2014","101.70","101.40","102.20","100.12","490.53K","0.96%"
"05-05-2014","102.18","102.00","103.23","101.11","687.11K","0.47%"
"06-05-2014","102.36","102.00","104.10","101.61","536.36K","0.18%"
"07-05-2014","101.06","102.12","102.80","100.70","274.81K","-1.27%"
"08-05-2014","100.16","101.20","101.90","99.62","380.16K","-0.89%"
"09-05-2014","101.71","99.56","102.00","99.56","381.00K","1.55%"
"12-05-2014","100.47","101.05","102.20","99.90","471.91K","-1.22%"
"13-05-2014","101.61","101.39","102.80","101.11","755.95K","1.13%"
"14-05-2014","96.33","99.00","99.70","94.89","2.35M","-5.20%"
"15-05-2014","91.42","97.17","97.92","90.80","2.89M","-5.10%"
"16-05-2014","90.58","92.09","93.69","90.12","1.47M","-0.92%"
"19-05-2014","92.47","90.71","93.60","90.71","1.38M","2.09%"
"20-05-2014","95.50","93.00","96.90","92.60","2.20M","3.28%"
"21-05-2014","94.93","96.19","96.86","94.51","837.90K","-0.60%"
"22-05-2014","94.50","94.52","96.20","93.98","753.39K","-0.45%"
"23-05-2014","95.34","95.00","95.94","94.72","1.22M","0.89%"
"26-05-2014","92.83","96.25","96.39","92.00","1.38M","-2.63%"
"27-05-2014","92.14","92.81","93.67","91.20","620.35K","-0.74%"
"28-05-2014","92.09","91.60","92.90","91.60","550.65K","-0.05%"
"29-05-2014","91.92","92.68","94.00","91.50","641.14K","-0.18%"
"30-05-2014","91.09","92.41","92.87","90.80","795.63K","-0.90%"
"02-06-2014","91.79","90.52","92.30","90.52","484.21K","0.77%"
"03-06-2014","92.88","92.50","94.25","91.83","997.09K","1.19%"
"04-06-2014","94.25","93.39","95.50","92.91","1.33M","1.48%"
"05-06-2014","96.64","94.40","97.70","94.40","3.03M","2.54%"
"06-06-2014","100.36","97.39","100.90","96.64","5.17M","3.85%"
"09-06-2014","101.91","101.30","103.88","100.85","3.38M","1.54%"
"10-06-2014","100.28","102.20","102.44","98.52","1.62M","-1.60%"
"11-06-2014","99.03","100.59","102.20","98.20","1.39M","-1.25%"
"12-06-2014","98.38","99.00","100.38","97.66","993.18K","-0.66%"
"13-06-2014","95.62","99.08","99.30","95.20","1.20M","-2.81%"
"16-06-2014","96.73","94.92","97.60","94.10","813.89K","1.16%"
"17-06-2014","97.84","96.97","99.40","96.60","907.79K","1.15%"
"18-06-2014","96.57","97.75","98.90","95.21","540.72K","-1.30%"
"19-06-2014","97.02","96.79","97.97","95.70","703.43K","0.47%"
"20-06-2014","96.17","96.05","97.80","95.53","411.21K","-0.88%"
"23-06-2014","96.00","95.52","97.80","95.52","510.08K","-0.18%"
"24-06-2014","97.39","96.00","98.60","96.00","982.90K","1.45%"
"25-06-2014","97.37","97.90","99.18","96.91","823.31K","-0.02%"
"26-06-2014","96.14","97.15","97.89","95.76","737.95K","-1.26%"
"27-06-2014","97.42","96.88","98.70","96.01","919.20K","1.33%"
"30-06-2014","97.63","98.00","98.70","97.00","636.63K","0.22%"
"01-07-2014","98.46","98.00","99.78","97.61","1.62M","0.85%"
"02-07-2014","99.27","98.70","100.27","98.70","1.15M","0.82%"
"03-07-2014","98.30","98.90","99.40","98.01","658.32K","-0.98%"
"04-07-2014","98.09","98.40","99.00","97.30","440.04K","-0.21%"
"07-07-2014","97.88","98.79","99.07","97.33","462.71K","-0.21%"
"08-07-2014","95.00","97.90","98.55","94.46","499.45K","-2.94%"
"09-07-2014","94.04","95.78","95.78","93.22","434.08K","-1.01%"
"10-07-2014","94.14","94.10","95.40","92.50","656.85K","0.11%"
"11-07-2014","91.33","94.20","94.84","90.61","664.16K","-2.98%"
"14-07-2014","92.62","92.00","93.25","91.20","421.66K","1.41%"
"15-07-2014","93.56","93.20","93.90","92.41","427.86K","1.01%"
"16-07-2014","94.51","93.15","94.90","93.15","345.98K","1.02%"
"17-07-2014","96.36","94.02","97.00","93.70","784.13K","1.96%"
"18-07-2014","96.55","95.97","98.30","95.22","1.03M","0.20%"
"21-07-2014","97.09","96.20","97.57","96.20","517.93K","0.56%"
"22-07-2014","95.17","97.55","99.13","93.22","3.49M","-1.98%"
"23-07-2014","93.64","94.52","94.90","92.86","727.48K","-1.61%"
"24-07-2014","93.34","94.25","94.50","93.06","413.60K","-0.32%"
"25-07-2014","92.96","93.10","94.19","92.60","467.87K","-0.41%"
"28-07-2014","92.46","92.90","93.49","92.22","288.67K","-0.54%"
"30-07-2014","92.41","92.01","92.86","91.60","291.68K","-0.05%"
"31-07-2014","92.81","92.41","94.10","92.00","384.20K","0.43%"
"01-08-2014","92.14","92.00","93.50","92.00","264.72K","-0.72%"
"04-08-2014","92.36","92.90","92.94","92.06","202.70K","0.24%"
"05-08-2014","92.37","92.89","92.89","92.10","166.86K","0.01%"
"06-08-2014","92.53","92.17","93.20","92.10","319.13K","0.17%"
"07-08-2014","92.47","92.53","93.00","92.15","209.97K","-0.06%"
"08-08-2014","91.13","92.10","92.20","90.61","416.48K","-1.45%"
"11-08-2014","90.92","92.00","92.29","90.72","249.81K","-0.23%"
"12-08-2014","91.11","91.50","91.58","90.80","250.14K","0.21%"
"13-08-2014","90.05","90.98","91.31","89.55","340.46K","-1.16%"
"14-08-2014","89.56","90.20","90.20","89.00","426.08K","-0.54%"
"18-08-2014","91.49","89.10","93.40","89.10","812.61K","2.15%"
"19-08-2014","91.18","91.99","92.09","90.81","427.82K","-0.34%"
"20-08-2014","91.20","91.18","91.80","90.80","393.11K","0.02%"
"21-08-2014","91.53","91.03","93.40","91.03","1.19M","0.36%"
"22-08-2014","91.09","92.30","92.33","90.85","364.38K","-0.48%"
"25-08-2014","90.95","91.02","92.39","90.58","891.58K","-0.15%"
"26-08-2014","90.30","90.95","91.53","89.80","333.01K","-0.71%"
"27-08-2014","90.33","91.00","91.31","89.72","400.17K","0.03%"
"28-08-2014","89.84","90.50","90.85","89.65","287.03K","-0.54%"
"01-09-2014","89.86","90.59","90.59","89.65","402.77K","0.02%"
"02-09-2014","89.78","90.00","91.30","89.51","708.27K","-0.09%"
"03-09-2014","89.69","90.20","90.20","89.30","428.72K","-0.10%"
"04-09-2014","91.67","89.69","92.50","88.70","1.62M","2.21%"
"05-09-2014","91.74","91.86","92.97","90.91","995.68K","0.08%"
"08-09-2014","95.32","91.30","96.60","91.30","3.85M","3.90%"
"09-09-2014","96.47","95.94","97.50","93.61","3.14M","1.21%"
"10-09-2014","95.19","95.49","97.18","95.00","1.11M","-1.33%"
"11-09-2014","95.92","95.30","97.70","94.53","2.31M","0.77%"
"12-09-2014","96.75","96.69","97.70","96.10","1.61M","0.87%"
"15-09-2014","97.98","96.90","99.90","96.80","3.74M","1.27%"
"16-09-2014","93.38","98.30","99.39","92.20","1.36M","-4.69%"
"17-09-2014","94.61","94.38","95.40","92.60","1.10M","1.32%"
"18-09-2014","95.33","94.60","96.50","94.00","695.79K","0.76%"
"19-09-2014","97.03","95.89","99.80","95.80","3.31M","1.78%"
"22-09-2014","96.97","96.25","97.94","95.10","970.45K","-0.06%"
"23-09-2014","94.47","96.60","97.90","94.02","763.45K","-2.58%"
"24-09-2014","95.36","93.61","96.44","93.10","1.11M","0.94%"
"25-09-2014","92.00","94.83","96.23","91.66","750.76K","-3.52%"
"26-09-2014","92.42","92.58","93.20","91.31","476.32K","0.46%"
"29-09-2014","92.03","92.92","93.47","91.55","402.95K","-0.42%"
"30-09-2014","92.33","92.30","94.20","91.20","658.28K","0.33%"
"01-10-2014","91.70","92.40","92.98","91.50","464.80K","-0.68%"
"07-10-2014","92.80","92.10","95.50","92.10","1.59M","1.20%"
"08-10-2014","92.74","93.00","94.30","92.10","564.08K","-0.06%"
"09-10-2014","93.03","92.81","94.19","92.81","482.20K","0.31%"
"10-10-2014","92.19","93.00","93.64","92.00","400.23K","-0.90%"
"13-10-2014","92.25","91.42","93.20","91.42","432.91K","0.07%"
"14-10-2014","92.13","91.73","92.89","91.73","307.60K","-0.13%"
"16-10-2014","90.98","92.00","92.50","90.60","472.44K","-1.25%"
"17-10-2014","91.03","90.98","91.64","90.81","221.06K","0.05%"
"20-10-2014","90.98","92.10","92.61","90.75","284.96K","-0.05%"
"21-10-2014","94.20","91.50","95.49","90.79","4.45M","3.54%"
"22-10-2014","92.50","94.69","94.69","92.26","752.87K","-1.80%"
"23-10-2014","93.16","93.09","93.50","92.60","164.35K","0.71%"
"27-10-2014","92.03","93.60","93.60","91.61","296.57K","-1.21%"
"28-10-2014","91.68","91.20","92.79","91.10","369.83K","-0.38%"
"29-10-2014","91.59","92.00","92.46","91.30","424.75K","-0.10%"
"30-10-2014","91.72","91.70","92.28","91.10","534.33K","0.14%"
"31-10-2014","92.92","92.39","93.89","91.94","1.02M","1.31%"
"03-11-2014","92.74","92.50","93.90","92.50","489.75K","-0.19%"
"05-11-2014","92.11","92.31","93.30","91.81","376.98K","-0.68%"
"07-11-2014","91.72","92.38","92.39","91.32","467.28K","-0.42%"
"10-11-2014","92.88","92.10","93.69","91.44","755.85K","1.26%"
"11-11-2014","92.01","93.00","93.30","91.75","317.07K","-0.94%"
"12-11-2014","91.75","92.30","92.65","91.52","304.80K","-0.28%"
"13-11-2014","92.75","91.94","94.98","91.62","1.48M","1.09%"
"14-11-2014","92.61","92.82","93.50","92.25","433.10K","-0.15%"
"17-11-2014","96.97","92.70","98.40","92.30","7.68M","4.71%"
"18-11-2014","97.56","97.40","98.80","96.98","1.98M","0.61%"
"19-11-2014","95.94","97.62","98.70","95.46","1.25M","-1.66%"
"20-11-2014","97.62","96.20","98.60","95.97","1.31M","1.75%"
"21-11-2014","96.29","98.00","98.33","95.69","903.83K","-1.36%"
"24-11-2014","96.94","97.00","98.17","96.61","698.73K","0.68%"
"25-11-2014","97.79","97.80","100.80","97.01","3.01M","0.88%"
"26-11-2014","100.97","99.50","103.00","99.31","8.10M","3.25%"
"27-11-2014","100.96","101.25","102.24","99.30","2.05M","-0.01%"
"28-11-2014","100.42","101.40","102.17","99.70","1.67M","-0.53%"
"01-12-2014","100.41","100.50","102.00","100.20","974.42K","-0.01%"
"02-12-2014","100.02","100.50","100.50","99.00","750.76K","-0.39%"
"03-12-2014","101.45","100.02","102.49","100.00","1.55M","1.43%"
"04-12-2014","100.57","101.45","102.20","100.17","681.11K","-0.87%"
"05-12-2014","101.00","100.14","102.70","100.14","1.00M","0.43%"
"08-12-2014","99.53","100.50","101.38","99.14","571.65K","-1.46%"
"09-12-2014","98.17","99.30","100.79","97.68","607.18K","-1.37%"
"10-12-2014","98.23","98.48","99.36","97.90","377.80K","0.06%"
"11-12-2014","98.09","98.44","98.69","97.11","405.67K","-0.14%"
"12-12-2014","98.00","98.01","100.50","97.53","607.83K","-0.09%"
"15-12-2014","97.40","97.26","98.19","97.02","292.05K","-0.61%"
"16-12-2014","95.41","97.00","97.62","94.20","620.31K","-2.04%"
"17-12-2014","93.27","94.62","95.30","93.00","571.43K","-2.24%"
"18-12-2014","95.09","94.19","96.09","94.19","469.45K","1.95%"
"19-12-2014","95.94","96.90","97.38","95.56","555.85K","0.89%"
"22-12-2014","95.92","96.24","96.59","95.40","227.02K","-0.02%"
"23-12-2014","95.00","96.37","96.49","94.80","368.22K","-0.96%"
"24-12-2014","94.34","95.00","96.30","94.16","402.23K","-0.69%"
"26-12-2014","93.92","94.50","95.00","93.60","302.51K","-0.45%"
"29-12-2014","94.44","94.20","94.94","94.20","284.21K","0.55%"
"30-12-2014","94.65","94.74","94.98","94.20","216.53K","0.22%"
"31-12-2014","95.57","94.65","96.62","94.59","564.89K","0.97%"
"01-01-2015","95.79","95.40","96.38","93.60","280.52K","0.23%"
"02-01-2015","95.46","95.80","96.95","95.00","540.29K","-0.34%"
"05-01-2015","94.86","95.20","96.31","94.56","317.17K","-0.63%"
"06-01-2015","93.39","94.12","94.74","93.20","351.74K","-1.55%"
"07-01-2015","92.69","93.22","94.39","92.30","348.45K","-0.75%"
"08-01-2015","94.23","93.10","94.50","93.10","332.89K","1.66%"
"09-01-2015","94.60","94.60","96.20","93.60","732.27K","0.39%"
"12-01-2015","94.64","94.80","96.23","94.20","476.43K","0.04%"
"13-01-2015","94.86","94.80","96.00","94.12","866.46K","0.23%"
"14-01-2015","98.95","95.69","99.78","95.69","2.76M","4.31%"
"15-01-2015","99.30","100.00","100.84","98.70","1.39M","0.35%"
"16-01-2015","99.51","99.30","100.00","98.51","552.68K","0.21%"
"19-01-2015","99.72","99.90","100.77","99.00","836.32K","0.21%"
"20-01-2015","100.97","99.90","102.40","99.53","1.77M","1.25%"
"21-01-2015","101.06","101.37","102.40","100.51","1.45M","0.09%"
"22-01-2015","100.49","101.00","103.84","100.10","2.76M","-0.56%"
"23-01-2015","102.30","102.00","106.40","101.00","2.65M","1.80%"
"27-01-2015","102.05","99.70","105.20","97.30","1.36M","-0.24%"
"28-01-2015","99.20","101.80","102.40","98.80","611.73K","-2.79%"
"29-01-2015","98.75","98.50","100.00","97.10","508.88K","-0.45%"
"30-01-2015","97.85","102.00","102.90","97.30","1.00M","-0.91%"
"02-02-2015","98.30","98.45","101.70","97.70","678.41K","0.46%"
"03-02-2015","96.30","98.50","100.75","96.00","626.66K","-2.03%"
"04-02-2015","94.35","96.80","97.40","93.80","470.59K","-2.02%"
"05-02-2015","92.55","94.75","96.00","91.75","466.22K","-1.91%"
"06-02-2015","90.50","92.60","92.95","90.00","448.59K","-2.22%"
"09-02-2015","87.25","90.25","90.25","86.90","431.55K","-3.59%"
"10-02-2015","86.55","86.75","87.75","85.10","430.46K","-0.80%"
"11-02-2015","88.30","88.00","89.00","87.50","319.10K","2.02%"
"12-02-2015","95.90","89.25","98.00","89.20","2.04M","8.61%"
"13-02-2015","94.00","96.65","96.65","92.65","611.91K","-1.98%"
"16-02-2015","92.75","94.50","94.90","92.30","384.79K","-1.33%"
"18-02-2015","92.10","93.40","94.75","91.40","384.06K","-0.70%"
"19-02-2015","92.60","92.50","93.25","91.25","213.72K","0.54%"
"20-02-2015","94.70","92.95","96.35","91.65","841.00K","2.27%"
"23-02-2015","95.45","96.00","98.95","95.05","838.38K","0.79%"
"24-02-2015","93.80","95.95","95.95","92.60","274.10K","-1.73%"
"25-02-2015","92.85","95.05","96.70","92.15","489.87K","-1.01%"
"26-02-2015","90.90","93.20","93.20","90.40","299.22K","-2.10%"
"27-02-2015","94.75","92.20","95.40","92.00","1.28M","4.24%"
"28-02-2015","94.10","95.90","95.90","93.80","364.83K","-0.69%"
"02-03-2015","94.05","95.00","95.40","93.25","315.70K","-0.05%"
"03-03-2015","101.65","94.50","103.00","93.15","4.36M","8.08%"
"04-03-2015","96.20","102.05","102.90","95.20","1.12M","-5.36%"
"05-03-2015","98.75","96.80","102.40","95.25","1.67M","2.65%"
"09-03-2015","98.15","97.80","100.50","96.25","1.15M","-0.61%"
"10-03-2015","96.95","98.40","99.45","96.00","579.77K","-1.22%"
"11-03-2015","96.00","97.40","97.50","95.65","291.21K","-0.98%"
"12-03-2015","97.65","97.10","98.95","96.50","567.75K","1.72%"
"13-03-2015","95.40","97.95","97.95","95.10","320.01K","-2.30%"
"16-03-2015","94.80","96.00","96.50","94.30","312.22K","-0.63%"
"17-03-2015","94.35","95.25","96.40","93.20","497.86K","-0.47%"
"18-03-2015","93.95","94.90","95.40","93.50","271.60K","-0.42%"
"19-03-2015","93.30","94.55","94.85","93.00","277.78K","-0.69%"
"20-03-2015","91.30","93.25","93.40","91.00","250.32K","-2.14%"
"23-03-2015","90.15","92.00","92.00","89.70","269.88K","-1.26%"
"24-03-2015","92.15","90.30","92.90","89.00","447.64K","2.22%"
"25-03-2015","89.65","93.70","94.70","88.55","821.78K","-2.71%"
"26-03-2015","89.55","90.10","91.45","88.60","546.84K","-0.11%"
"27-03-2015","90.00","92.45","92.50","89.15","660.18K","0.50%"
"30-03-2015","90.95","91.50","92.50","90.55","566.71K","1.06%"
"31-03-2015","90.60","91.35","92.45","90.25","530.39K","-0.38%"
"01-04-2015","93.00","90.50","94.00","90.35","852.50K","2.65%"
"06-04-2015","92.05","93.25","93.70","91.55","327.25K","-1.02%"
"07-04-2015","92.10","92.45","93.50","91.45","385.03K","0.05%"
"08-04-2015","92.60","92.50","93.50","91.90","428.98K","0.54%"
"09-04-2015","93.15","92.95","95.00","92.30","662.61K","0.59%"
"10-04-2015","95.75","93.15","96.40","92.90","1.17M","2.79%"
"13-04-2015","96.30","97.50","97.95","95.55","1.07M","0.57%"
"15-04-2015","93.60","96.70","96.70","93.00","400.25K","-2.80%"
"16-04-2015","93.25","93.80","94.00","92.80","239.54K","-0.37%"
"17-04-2015","92.50","93.10","94.30","92.25","277.46K","-0.80%"
"20-04-2015","90.45","92.00","93.00","89.65","293.44K","-2.22%"
"21-04-2015","90.05","90.45","91.00","89.60","224.41K","-0.44%"
"22-04-2015","89.60","90.50","91.20","88.50","291.73K","-0.50%"
"23-04-2015","89.65","90.25","90.75","89.00","228.38K","0.06%"
"24-04-2015","88.10","89.95","89.95","87.90","206.68K","-1.73%"
"27-04-2015","86.80","87.30","88.00","86.55","181.03K","-1.48%"
"28-04-2015","87.85","86.50","88.75","85.90","200.89K","1.21%"
"29-04-2015","88.05","88.20","88.90","87.50","126.91K","0.23%"
"30-04-2015","87.85","88.05","89.00","86.90","174.02K","-0.23%"
"04-05-2015","89.05","88.60","89.35","88.30","157.87K","1.37%"
"05-05-2015","89.45","89.70","91.00","89.05","342.18K","0.45%"
"06-05-2015","87.70","89.50","89.75","87.05","177.10K","-1.96%"
"07-05-2015","86.65","87.50","87.65","86.00","215.74K","-1.20%"
"08-05-2015","87.25","87.45","87.85","86.50","192.59K","0.69%"
"11-05-2015","87.60","87.70","88.90","87.05","160.43K","0.40%"
"12-05-2015","87.15","87.60","88.00","86.50","142.57K","-0.51%"
"13-05-2015","88.60","87.90","91.00","87.00","231.12K","1.66%"
"14-05-2015","90.15","89.00","90.70","87.20","237.83K","1.75%"
"15-05-2015","90.40","90.50","91.90","90.05","395.78K","0.28%"
"18-05-2015","96.25","100.00","100.40","95.80","2.71M","6.47%"
"19-05-2015","94.40","94.50","95.95","93.60","466.20K","-1.92%"
"20-05-2015","92.75","94.00","95.20","92.15","385.54K","-1.75%"
"21-05-2015","92.30","93.00","93.50","91.70","348.80K","-0.49%"
"22-05-2015","90.85","94.20","94.20","90.40","443.49K","-1.57%"
"25-05-2015","90.65","90.90","91.95","90.05","244.28K","-0.22%"
"26-05-2015","89.85","90.70","93.00","89.50","382.73K","-0.88%"
"27-05-2015","89.25","89.40","90.80","88.10","437.35K","-0.67%"
"28-05-2015","89.55","89.30","90.45","88.75","203.58K","0.34%"
"29-05-2015","89.35","89.85","90.50","88.40","194.77K","-0.22%"
"01-06-2015","89.50","89.95","90.40","88.75","231.01K","0.17%"
"02-06-2015","87.95","89.60","89.80","87.70","223.97K","-1.73%"
"03-06-2015","85.80","88.00","88.00","84.90","299.71K","-2.44%"
"04-06-2015","86.30","86.25","86.90","85.15","192.02K","0.58%"
"05-06-2015","86.45","87.30","87.30","85.50","175.32K","0.17%"
"08-06-2015","85.60","86.50","86.50","85.30","116.06K","-0.98%"
"09-06-2015","85.65","85.05","86.50","84.90","205.67K","0.06%"
"10-06-2015","86.40","86.00","86.95","85.30","202.21K","0.88%"
"11-06-2015","85.35","87.85","87.85","85.10","187.06K","-1.22%"
"12-06-2015","84.95","85.40","85.70","84.40","148.31K","-0.47%"
"15-06-2015","85.40","85.10","86.40","84.80","135.21K","0.53%"
"16-06-2015","85.10","85.20","85.60","84.25","157.79K","-0.35%"
"17-06-2015","86.10","85.60","86.80","84.85","361.54K","1.18%"
"18-06-2015","86.05","86.45","86.95","85.60","172.62K","-0.06%"
"19-06-2015","89.65","86.25","91.90","85.85","1.58M","4.18%"
"22-06-2015","88.70","90.45","91.30","88.50","509.82K","-1.06%"
"23-06-2015","89.60","88.60","90.55","88.35","399.17K","1.01%"
"24-06-2015","88.40","89.95","90.35","88.10","361.65K","-1.34%"
"25-06-2015","88.30","88.00","89.40","87.30","282.21K","-0.11%"
"26-06-2015","88.00","88.00","88.75","85.75","407.42K","-0.34%"
"29-06-2015","86.10","86.00","86.95","84.60","351.93K","-2.16%"
"30-06-2015","87.95","87.60","88.95","87.50","537.94K","2.15%"
"01-07-2015","87.85","87.95","88.90","87.15","312.41K","-0.11%"
"02-07-2015","87.80","88.10","90.00","86.90","508.31K","-0.06%"
"03-07-2015","87.75","87.90","88.50","87.10","281.27K","-0.06%"
"06-07-2015","89.20","87.50","89.75","87.10","825.67K","1.65%"
"07-07-2015","90.70","89.70","93.40","89.00","1.51M","1.68%"
"08-07-2015","89.40","90.80","91.80","88.75","783.71K","-1.43%"
"09-07-2015","89.50","89.85","90.30","89.10","351.34K","0.11%"
"10-07-2015","88.35","89.90","89.95","88.15","209.45K","-1.28%"
"13-07-2015","89.35","88.40","89.90","88.15","278.17K","1.13%"
"14-07-2015","90.75","90.90","91.75","90.40","775.92K","1.57%"
"15-07-2015","90.20","91.25","91.90","90.00","371.13K","-0.61%"
"16-07-2015","91.85","90.75","92.35","90.50","579.04K","1.83%"
"17-07-2015","91.80","91.25","92.45","90.50","428.83K","-0.05%"
"20-07-2015","92.35","92.30","93.25","92.10","644.23K","0.60%"
"21-07-2015","88.10","90.20","90.35","87.75","574.07K","-4.60%"
"22-07-2015","88.30","88.10","88.80","87.35","223.74K","0.23%"
"23-07-2015","88.70","88.65","91.25","88.15","478.17K","0.45%"
"24-07-2015","88.90","88.65","90.50","88.40","325.14K","0.23%"
"27-07-2015","87.20","88.50","88.70","87.00","177.84K","-1.91%"
"28-07-2015","87.30","87.90","88.70","87.10","123.97K","0.11%"
"29-07-2015","86.55","87.90","87.90","86.40","167.53K","-0.86%"
"30-07-2015","86.65","87.00","87.65","86.50","142.86K","0.12%"
"31-07-2015","87.55","87.00","88.80","86.70","245.14K","1.04%"
"03-08-2015","87.90","88.45","88.65","87.70","188.27K","0.40%"
"04-08-2015","94.10","88.25","96.35","87.90","2.62M","7.05%"
"05-08-2015","93.50","94.40","96.35","91.95","1.36M","-0.64%"
"06-08-2015","93.05","93.70","96.60","92.05","851.04K","-0.48%"
"07-08-2015","96.50","93.00","98.00","92.75","1.51M","3.71%"
"10-08-2015","97.00","97.60","99.30","95.50","1.38M","0.52%"
"11-08-2015","96.65","97.45","98.35","95.65","591.46K","-0.36%"
"12-08-2015","95.25","96.35","97.30","94.20","445.34K","-1.45%"
"13-08-2015","94.40","95.90","96.80","93.00","502.33K","-0.89%"
"14-08-2015","94.35","94.55","96.10","93.60","354.07K","-0.05%"
"17-08-2015","95.70","95.00","96.40","92.75","312.97K","1.43%"
"18-08-2015","102.10","103.00","107.40","101.30","6.27M","6.69%"
"19-08-2015","100.05","102.00","102.90","96.80","2.06M","-2.01%"
"20-08-2015","97.55","99.00","99.40","97.00","525.69K","-2.50%"
"21-08-2015","95.10","96.00","96.30","93.20","408.41K","-2.51%"
"24-08-2015","88.60","92.40","92.80","87.50","559.39K","-6.83%"
"25-08-2015","89.05","90.00","90.65","86.10","650.96K","0.51%"
"26-08-2015","88.85","88.50","89.85","87.50","220.98K","-0.22%"
"27-08-2015","89.45","90.00","92.00","89.10","340.69K","0.68%"
"28-08-2015","89.70","90.90","91.85","89.10","307.22K","0.28%"
"31-08-2015","89.70","89.70","90.30","89.15","151.43K","0.00%"
"01-09-2015","88.90","89.35","89.80","88.00","201.29K","-0.89%"
"02-09-2015","89.05","89.10","90.00","87.90","447.12K","0.17%"
"03-09-2015","90.80","89.20","91.20","89.00","204.40K","1.97%"
"04-09-2015","89.00","91.00","91.05","88.25","179.98K","-1.98%"
"07-09-2015","88.95","89.00","89.95","88.00","235.58K","-0.06%"
"08-09-2015","89.20","89.00","89.75","86.90","247.54K","0.28%"
"09-09-2015","92.60","90.50","93.95","89.45","363.67K","3.81%"
"10-09-2015","90.90","90.20","91.80","90.10","167.96K","-1.84%"
"11-09-2015","90.85","91.80","91.95","90.10","160.47K","-0.06%"
"14-09-2015","90.70","91.50","91.80","90.45","95.64K","-0.17%"
"15-09-2015","90.25","90.50","90.80","89.75","104.73K","-0.50%"
"16-09-2015","90.60","90.50","91.15","90.00","82.60K","0.39%"
"18-09-2015","90.90","91.00","91.70","90.60","305.63K","0.33%"
"21-09-2015","92.00","90.05","92.40","90.00","140.50K","1.21%"
"22-09-2015","93.15","94.20","96.00","92.20","540.76K","1.25%"
"23-09-2015","91.05","92.55","92.55","90.55","171.34K","-2.25%"
"24-09-2015","91.15","90.55","92.70","90.55","168.35K","0.11%"
"28-09-2015","90.75","91.80","92.45","90.55","131.96K","-0.44%"
"29-09-2015","91.15","90.00","91.70","89.85","117.32K","0.44%"
"30-09-2015","92.05","91.15","92.80","91.15","144.54K","0.99%"
"01-10-2015","92.25","92.75","92.75","91.40","124.50K","0.22%"
"05-10-2015","92.10","92.40","93.00","90.50","190.25K","-0.16%"
"06-10-2015","92.15","92.50","94.40","91.80","256.93K","0.05%"
"07-10-2015","93.10","93.85","95.00","92.05","613.72K","1.03%"
"08-10-2015","92.35","93.00","93.95","92.15","292.63K","-0.81%"
"09-10-2015","92.90","92.65","94.15","92.60","228.29K","0.60%"
"12-10-2015","92.00","93.35","93.55","91.65","202.88K","-0.97%"
"13-10-2015","94.50","92.95","95.80","92.25","569.31K","2.72%"
"14-10-2015","95.05","95.80","98.40","94.60","1.22M","0.58%"
"15-10-2015","93.30","95.25","95.60","92.60","263.71K","-1.84%"
"16-10-2015","92.70","93.75","94.25","92.45","255.48K","-0.64%"
"19-10-2015","93.00","94.00","95.40","92.75","740.02K","0.32%"
"20-10-2015","92.95","93.40","94.80","92.65","501.04K","-0.05%"
"21-10-2015","92.60","93.40","94.55","92.00","563.22K","-0.38%"
"23-10-2015","90.50","92.60","93.15","90.05","369.46K","-2.27%"
"26-10-2015","89.15","90.80","91.30","89.00","276.96K","-1.49%"
"27-10-2015","88.95","89.00","90.40","88.50","286.07K","-0.22%"
"28-10-2015","88.60","88.95","90.00","88.35","178.30K","-0.39%"
"29-10-2015","88.90","89.10","90.80","88.50","292.88K","0.34%"
"30-10-2015","88.25","88.30","89.45","88.00","122.95K","-0.73%"
"02-11-2015","88.35","88.80","90.00","88.05","246.14K","0.11%"
"03-11-2015","88.50","88.70","89.40","88.30","132.78K","0.17%"
"04-11-2015","87.95","88.70","89.20","87.50","143.08K","-0.62%"
"05-11-2015","87.20","88.00","88.10","86.50","182.70K","-0.85%"
"06-11-2015","87.40","87.10","88.20","86.10","182.75K","0.23%"
"09-11-2015","86.70","86.50","87.45","83.55","185.56K","-0.80%"
"10-11-2015","88.10","86.40","89.75","86.30","190.04K","1.61%"
"11-11-2015","91.55","90.10","93.00","90.10","290.04K","3.92%"
"13-11-2015","92.05","90.10","94.30","90.00","487.64K","0.55%"
"16-11-2015","90.05","91.00","92.00","89.75","240.08K","-2.17%"
"17-11-2015","91.65","90.50","93.65","90.05","624.29K","1.78%"
"18-11-2015","91.80","91.80","93.60","91.25","344.65K","0.16%"
"19-11-2015","92.20","93.00","94.10","91.50","398.01K","0.44%"
"20-11-2015","92.05","92.50","94.70","91.65","714.93K","-0.16%"
"23-11-2015","91.00","92.05","92.75","90.75","157.61K","-1.14%"
"24-11-2015","89.70","91.05","91.40","89.10","205.26K","-1.43%"
"26-11-2015","90.05","90.10","91.45","89.50","307.01K","0.39%"
"27-11-2015","89.60","90.25","90.65","89.45","206.76K","-0.50%"
"30-11-2015","89.85","90.80","90.80","89.55","164.83K","0.28%"
"01-12-2015","90.45","90.30","91.00","90.00","228.77K","0.67%"
"02-12-2015","89.85","90.80","91.00","89.70","169.62K","-0.66%"
"03-12-2015","89.10","90.00","90.40","88.85","191.85K","-0.83%"
"04-12-2015","88.60","88.75","89.80","88.40","225.20K","-0.56%"
"07-12-2015","88.55","89.00","89.30","88.10","129.59K","-0.06%"
"08-12-2015","88.85","88.90","91.20","88.15","540.88K","0.34%"
"09-12-2015","86.95","88.75","90.15","86.70","211.28K","-2.14%"
"10-12-2015","87.60","87.20","88.00","86.75","112.00K","0.75%"
"11-12-2015","88.45","87.50","88.95","86.25","223.83K","0.97%"
"14-12-2015","87.50","87.80","88.35","87.10","109.88K","-1.07%"
"15-12-2015","88.10","87.50","88.90","87.50","117.76K","0.69%"
"16-12-2015","88.40","88.60","89.35","87.70","170.29K","0.34%"
"17-12-2015","89.45","88.90","90.50","88.50","213.59K","1.19%"
"18-12-2015","88.75","88.80","89.50","88.60","135.64K","-0.78%"
"21-12-2015","88.60","88.75","89.35","88.30","137.67K","-0.17%"
"22-12-2015","88.35","89.50","89.50","88.20","157.90K","-0.28%"
"23-12-2015","89.40","88.60","89.75","88.50","175.54K","1.19%"
"24-12-2015","90.65","90.70","91.20","89.90","484.95K","1.40%"
"28-12-2015","93.65","91.50","93.95","90.80","1.01M","3.31%"
"29-12-2015","96.50","93.70","98.65","92.60","1.43M","3.04%"
"30-12-2015","97.30","96.25","100.25","94.65","1.92M","0.83%"
"31-12-2015","97.65","97.30","99.10","96.00","627.29K","0.36%"
"01-01-2016","98.10","97.50","98.75","97.25","321.17K","0.46%"
"04-01-2016","95.60","97.80","97.80","95.10","303.40K","-2.55%"
"05-01-2016","103.30","95.20","107.00","95.20","2.71M","8.05%"
"06-01-2016","101.45","103.00","104.70","100.65","1.41M","-1.79%"
"07-01-2016","97.65","99.90","99.90","96.00","470.85K","-3.75%"
"08-01-2016","109.10","98.15","111.70","96.30","4.25M","11.73%"
"11-01-2016","108.60","106.45","113.80","104.70","3.98M","-0.46%"
"12-01-2016","105.15","109.20","110.65","103.20","1.24M","-3.18%"
"13-01-2016","99.30","106.30","107.75","95.35","1.46M","-5.56%"
"14-01-2016","98.60","96.80","102.55","95.25","1.02M","-0.70%"
"15-01-2016","95.10","99.60","102.30","94.30","790.06K","-3.55%"
"18-01-2016","90.45","95.00","95.40","89.70","388.80K","-4.89%"
"19-01-2016","92.15","91.10","93.45","89.25","405.66K","1.88%"
"20-01-2016","90.40","90.70","93.20","88.25","470.18K","-1.90%"
"21-01-2016","91.30","91.80","93.00","90.40","294.50K","1.00%"
"22-01-2016","92.70","91.70","94.40","91.70","323.39K","1.53%"
"25-01-2016","96.50","93.15","98.35","93.15","595.69K","4.10%"
"27-01-2016","96.85","97.00","99.00","96.00","460.33K","0.36%"
"28-01-2016","97.15","100.80","101.80","96.65","767.68K","0.31%"
"29-01-2016","97.50","97.85","99.70","96.15","530.23K","0.36%"
"01-02-2016","97.50","97.85","99.00","96.60","273.53K","0.00%"
"02-02-2016","93.80","97.60","98.80","92.80","245.50K","-3.79%"
"03-02-2016","93.25","92.80","95.80","91.85","456.94K","-0.59%"
"04-02-2016","91.85","94.00","94.95","91.05","203.19K","-1.50%"
"05-02-2016","93.00","92.10","94.00","91.70","247.76K","1.25%"
"08-02-2016","92.90","92.50","94.00","92.50","156.72K","-0.11%"
"09-02-2016","91.70","92.25","92.80","91.30","130.19K","-1.29%"
"10-02-2016","87.70","91.00","92.05","86.55","457.09K","-4.36%"
"11-02-2016","84.90","87.65","87.70","84.20","338.57K","-3.19%"
"12-02-2016","85.75","84.65","86.75","82.35","364.12K","1.00%"
"15-02-2016","87.50","86.50","89.40","86.50","185.02K","2.04%"
"16-02-2016","85.25","87.90","88.20","84.95","132.15K","-2.57%"
"17-02-2016","83.55","85.25","85.25","81.30","263.94K","-1.99%"
"18-02-2016","83.60","84.30","85.30","82.55","161.62K","0.06%"
"19-02-2016","87.55","84.00","88.45","83.90","606.99K","4.72%"
"22-02-2016","87.00","87.85","88.20","86.65","113.91K","-0.63%"
"23-02-2016","85.75","87.00","87.40","85.15","99.89K","-1.44%"
"24-02-2016","85.00","85.30","86.00","83.50","123.85K","-0.87%"
"25-02-2016","84.65","85.25","86.00","84.10","116.21K","-0.41%"
"26-02-2016","83.60","85.10","85.75","83.20","119.12K","-1.24%"
"29-02-2016","83.45","83.60","85.30","82.60","141.92K","-0.18%"
"01-03-2016","85.45","83.35","86.75","83.35","238.43K","2.40%"
"02-03-2016","87.00","86.40","88.00","86.00","146.31K","1.81%"
"03-03-2016","87.80","87.40","89.90","87.00","388.72K","0.92%"
"04-03-2016","88.20","87.60","89.30","87.05","250.49K","0.46%"
"08-03-2016","88.50","88.00","90.20","87.20","304.54K","0.34%"
"09-03-2016","88.50","88.35","88.95","87.55","144.72K","0.00%"
"10-03-2016","87.95","88.50","88.90","87.30","108.91K","-0.62%"
"11-03-2016","90.45","88.00","91.80","87.55","669.08K","2.84%"
"14-03-2016","91.10","92.20","93.30","90.55","547.69K","0.72%"
"15-03-2016","89.70","91.00","91.75","89.10","193.22K","-1.54%"
"16-03-2016","89.30","89.45","90.50","88.20","178.80K","-0.45%"
"17-03-2016","88.85","89.95","91.25","88.30","233.34K","-0.50%"
"18-03-2016","90.15","90.50","91.20","88.25","450.58K","1.46%"
"21-03-2016","90.35","90.00","90.90","89.40","206.53K","0.22%"
"22-03-2016","91.60","90.60","93.45","90.25","444.63K","1.38%"
"23-03-2016","90.65","91.20","92.95","90.20","290.38K","-1.04%"
"28-03-2016","88.50","90.70","90.80","88.05","153.52K","-2.37%"
"29-03-2016","87.70","88.10","89.55","87.40","252.45K","-0.90%"
"30-03-2016","88.95","88.45","90.90","88.15","294.38K","1.43%"
"31-03-2016","89.60","90.50","90.90","89.20","385.19K","0.73%"
"01-04-2016","91.95","89.10","93.00","89.10","648.66K","2.62%"
"04-04-2016","94.95","92.05","95.60","91.10","1.12M","3.26%"
"05-04-2016","91.80","94.45","95.80","91.00","650.09K","-3.32%"
"06-04-2016","93.40","92.45","94.60","91.70","485.59K","1.74%"
"07-04-2016","91.55","93.90","93.90","91.00","304.68K","-1.98%"
"08-04-2016","90.85","91.50","91.80","90.10","239.97K","-0.76%"
"11-04-2016","90.65","90.90","91.50","90.15","329.93K","-0.22%"
"12-04-2016","90.35","90.80","91.50","90.10","250.86K","-0.33%"
"13-04-2016","90.75","91.05","91.75","90.35","335.49K","0.44%"
"18-04-2016","91.15","90.70","91.90","90.55","206.01K","0.44%"
"20-04-2016","92.20","91.30","92.90","91.00","428.24K","1.15%"
"21-04-2016","90.95","92.65","93.00","90.60","277.09K","-1.36%"
"22-04-2016","91.65","91.00","92.90","90.45","540.02K","0.77%"
"25-04-2016","91.75","91.90","92.25","90.35","232.98K","0.11%"
"26-04-2016","92.75","93.00","93.40","92.20","535.60K","1.09%"
"27-04-2016","94.25","93.00","94.90","92.40","1.08M","1.62%"
"28-04-2016","91.90","93.70","94.05","91.55","322.35K","-2.49%"
"29-04-2016","91.20","92.20","92.40","90.10","205.62K","-0.76%"
"02-05-2016","90.75","90.55","91.10","90.45","191.75K","-0.49%"
"03-05-2016","91.15","91.80","92.90","90.85","472.22K","0.44%"
"04-05-2016","89.90","90.90","91.40","89.50","171.71K","-1.37%"
"05-05-2016","89.95","89.80","90.50","89.40","241.86K","0.06%"
"06-05-2016","89.85","89.70","90.25","89.40","147.56K","-0.11%"
"09-05-2016","91.30","91.15","91.70","90.20","328.91K","1.61%"
"10-05-2016","90.75","91.45","91.90","90.50","205.66K","-0.60%"
"11-05-2016","90.30","89.80","91.00","89.40","126.42K","-0.50%"
"12-05-2016","90.90","90.50","91.40","90.40","161.89K","0.66%"
"13-05-2016","91.35","90.65","91.80","90.25","256.87K","0.50%"
"16-05-2016","91.90","91.90","93.25","90.95","453.66K","0.60%"
"17-05-2016","88.90","90.05","90.50","88.60","692.44K","-3.26%"
"18-05-2016","89.00","89.25","89.50","88.35","233.84K","0.11%"
"19-05-2016","88.10","89.00","89.40","88.00","133.65K","-1.01%"
"20-05-2016","87.65","88.10","88.40","87.40","165.68K","-0.51%"
"23-05-2016","87.05","88.00","88.40","86.75","152.26K","-0.68%"
"24-05-2016","85.85","87.40","87.65","85.20","152.95K","-1.38%"
"25-05-2016","86.95","86.85","87.35","85.95","191.39K","1.28%"
"26-05-2016","86.95","87.40","87.40","86.60","146.93K","0.00%"
"27-05-2016","87.80","86.70","88.50","86.70","195.80K","0.98%"
"30-05-2016","88.45","88.00","89.15","88.00","149.09K","0.74%"
"31-05-2016","87.70","88.90","89.50","87.00","202.35K","-0.85%"
"01-06-2016","87.70","87.90","88.25","87.25","147.72K","0.00%"
"02-06-2016","87.40","87.70","87.85","87.05","143.46K","-0.34%"
"03-06-2016","87.90","87.70","89.90","87.40","347.56K","0.57%"
"06-06-2016","87.75","88.65","88.65","87.50","125.54K","-0.17%"
"07-06-2016","88.20","88.10","88.80","87.55","145.68K","0.51%"
"08-06-2016","90.05","88.30","90.80","87.95","628.80K","2.10%"
"09-06-2016","91.70","92.05","94.40","91.00","1.19M","1.83%"
"10-06-2016","90.75","91.50","92.45","90.20","335.18K","-1.04%"
"13-06-2016","101.80","90.05","105.40","89.65","8.62M","12.18%"
"14-06-2016","100.15","102.30","104.70","99.25","3.04M","-1.62%"
"15-06-2016","99.95","100.60","103.20","99.30","1.27M","-0.20%"
"16-06-2016","99.95","100.25","102.50","98.50","1.07M","0.00%"
"17-06-2016","102.50","100.50","106.40","100.30","2.50M","2.55%"
"20-06-2016","100.45","101.40","103.50","99.85","1.01M","-2.00%"
"21-06-2016","98.45","101.40","101.90","98.10","1.04M","-1.99%"
"22-06-2016","107.55","98.90","109.70","98.20","10.20M","9.24%"
"23-06-2016","102.65","105.90","106.40","102.05","1.92M","-4.56%"
"24-06-2016","98.80","97.75","100.00","95.70","1.91M","-3.75%"
"27-06-2016","103.95","99.00","105.45","98.95","2.47M","5.21%"
"28-06-2016","104.35","103.95","107.50","103.50","2.00M","0.38%"
"29-06-2016","105.60","105.50","108.50","104.95","1.55M","1.20%"
"30-06-2016","105.75","106.60","108.25","105.25","996.68K","0.14%"
"01-07-2016","114.25","106.50","114.95","106.10","7.49M","8.04%"
"04-07-2016","113.00","114.30","116.40","112.50","3.06M","-1.09%"
"05-07-2016","114.00","113.00","115.65","111.55","1.90M","0.88%"
"07-07-2016","115.70","113.10","118.25","112.75","3.24M","1.49%"
"08-07-2016","113.25","114.75","115.45","112.60","855.61K","-2.12%"
"11-07-2016","114.05","114.40","116.70","113.50","2.03M","0.71%"
"12-07-2016","114.35","114.85","116.75","113.80","2.29M","0.26%"
"13-07-2016","115.15","114.80","116.70","114.05","1.44M","0.70%"
"14-07-2016","117.55","115.55","119.45","115.15","2.24M","2.08%"
"15-07-2016","117.20","118.40","119.90","116.30","952.42K","-0.30%"
"18-07-2016","115.65","117.50","119.70","114.50","1.49M","-1.32%"
"19-07-2016","115.45","115.85","117.50","113.35","655.24K","-0.17%"
"20-07-2016","116.05","115.35","117.50","115.15","847.61K","0.52%"
"21-07-2016","113.60","116.70","117.40","113.20","820.95K","-2.11%"
"22-07-2016","112.40","114.05","114.90","111.75","614.53K","-1.06%"
"25-07-2016","116.50","112.65","116.80","110.80","1.45M","3.65%"
"26-07-2016","113.75","116.80","117.65","113.10","542.59K","-2.36%"
"27-07-2016","117.90","113.75","121.40","112.50","2.41M","3.65%"
"28-07-2016","121.85","118.90","123.80","117.15","2.30M","3.35%"
"29-07-2016","119.70","122.00","123.50","119.10","1.06M","-1.76%"
"01-08-2016","118.90","119.90","122.10","117.25","758.36K","-0.67%"
"02-08-2016","116.40","119.20","121.00","115.50","551.87K","-2.10%"
"03-08-2016","113.35","116.70","116.90","112.50","469.40K","-2.62%"
"04-08-2016","112.10","114.30","115.50","111.55","828.75K","-1.10%"
"05-08-2016","115.45","113.00","116.00","111.80","1.02M","2.99%"
"08-08-2016","126.65","125.20","131.30","124.50","6.14M","9.70%"
"09-08-2016","124.20","126.50","127.65","123.50","1.13M","-1.93%"
"10-08-2016","121.70","124.45","126.00","120.90","829.85K","-2.01%"
"11-08-2016","120.85","121.25","124.45","118.10","987.58K","-0.70%"
"12-08-2016","122.40","121.60","125.80","121.20","841.12K","1.28%"
"16-08-2016","121.50","122.30","124.20","121.00","564.93K","-0.74%"
"17-08-2016","122.30","121.35","123.95","121.35","497.05K","0.66%"
"18-08-2016","123.85","122.80","125.15","122.50","811.61K","1.27%"
"19-08-2016","130.35","124.10","132.50","121.75","2.55M","5.25%"
"22-08-2016","127.60","129.80","130.00","126.55","910.50K","-2.11%"
"23-08-2016","129.45","127.60","130.90","126.80","1.28M","1.45%"
"24-08-2016","133.55","129.50","135.70","129.50","2.50M","3.17%"
"25-08-2016","131.25","134.00","134.45","130.50","692.56K","-1.72%"
"26-08-2016","127.80","131.35","131.95","127.20","625.54K","-2.63%"
"29-08-2016","128.35","127.70","130.80","125.40","714.50K","0.43%"
"30-08-2016","129.75","128.50","131.25","128.50","681.17K","1.09%"
"31-08-2016","128.20","129.75","132.00","127.65","719.80K","-1.19%"
"01-09-2016","126.80","128.20","130.50","126.15","591.87K","-1.09%"
"02-09-2016","127.75","127.45","129.70","127.35","379.73K","0.75%"
"06-09-2016","128.10","128.35","129.50","127.25","466.01K","0.27%"
"07-09-2016","128.30","128.40","131.60","126.80","960.98K","0.16%"
"08-09-2016","127.30","128.70","129.70","126.85","486.65K","-0.78%"
"09-09-2016","125.40","128.00","129.00","124.95","554.02K","-1.49%"
"12-09-2016","120.35","122.00","124.30","119.55","633.19K","-4.03%"
"14-09-2016","122.95","121.45","124.50","120.70","634.72K","2.16%"
"15-09-2016","123.70","123.00","124.75","122.40","463.17K","0.61%"
"16-09-2016","124.75","127.25","128.70","123.50","1.50M","0.85%"
"19-09-2016","124.00","125.40","125.75","123.65","325.19K","-0.60%"
"20-09-2016","124.10","124.95","125.90","123.65","375.15K","0.08%"
"21-09-2016","125.70","125.40","128.00","124.60","1.03M","1.29%"
"22-09-2016","127.55","127.00","129.00","126.80","804.76K","1.47%"
"23-09-2016","127.40","128.00","131.00","126.85","1.69M","-0.12%"
"26-09-2016","125.65","127.00","128.00","124.60","829.87K","-1.37%"
"27-09-2016","126.10","126.00","127.00","124.50","477.05K","0.36%"
"28-09-2016","129.35","127.00","131.40","126.40","1.99M","2.58%"
"29-09-2016","121.80","130.05","131.20","118.10","1.68M","-5.84%"
"30-09-2016","123.30","121.80","125.10","121.30","505.24K","1.23%"
"03-10-2016","125.60","123.95","127.00","123.95","396.76K","1.87%"
"04-10-2016","125.25","126.50","126.55","124.40","367.93K","-0.28%"
"05-10-2016","132.10","125.50","133.95","124.65","2.86M","5.47%"
"06-10-2016","131.20","133.10","135.95","129.55","2.13M","-0.68%"
"07-10-2016","130.75","132.00","133.95","130.00","886.79K","-0.34%"
"10-10-2016","131.75","131.55","132.75","131.00","486.57K","0.76%"
"13-10-2016","128.90","131.00","131.60","127.10","735.32K","-2.16%"
"14-10-2016","137.40","129.50","138.50","127.50","3.19M","6.59%"
"17-10-2016","142.00","138.50","143.00","136.55","4.14M","3.35%"
"18-10-2016","144.15","142.75","145.00","142.55","2.05M","1.51%"
"19-10-2016","146.60","145.00","147.75","144.00","2.12M","1.70%"
"20-10-2016","141.55","149.60","150.00","140.10","2.92M","-3.44%"
"21-10-2016","137.20","141.50","142.15","136.65","1.06M","-3.07%"
"24-10-2016","134.90","137.00","138.40","134.55","963.58K","-1.68%"
"25-10-2016","130.65","133.50","133.50","129.35","1.21M","-3.15%"
"26-10-2016","130.60","130.85","133.00","129.55","923.38K","-0.04%"
"27-10-2016","126.20","128.00","128.70","124.70","1.31M","-3.37%"
"28-10-2016","128.15","126.95","129.35","126.60","581.21K","1.55%"
"30-10-2016","128.90","129.70","130.00","128.25","255.22K","0.59%"
"01-11-2016","129.50","129.00","131.60","127.10","630.02K","0.47%"
"02-11-2016","125.70","127.90","127.90","125.20","354.89K","-2.93%"
"03-11-2016","124.85","125.10","128.20","123.00","753.94K","-0.68%"
"04-11-2016","119.80","124.05","124.05","118.85","999.76K","-4.04%"
"07-11-2016","122.55","121.00","123.95","120.50","396.53K","2.30%"
"08-11-2016","123.70","123.35","124.95","122.75","433.67K","0.94%"
"09-11-2016","119.75","110.40","121.65","108.25","673.69K","-3.19%"
"10-11-2016","123.25","123.80","123.95","122.15","343.77K","2.92%"
"11-11-2016","117.35","122.00","122.00","116.10","470.85K","-4.79%"
"15-11-2016","112.70","119.00","119.00","111.70","330.11K","-3.96%"
"16-11-2016","113.65","117.20","118.00","113.00","443.85K","0.84%"
"17-11-2016","112.85","114.00","115.60","112.20","232.10K","-0.70%"
"18-11-2016","113.15","114.85","114.85","112.55","251.20K","0.27%"
"21-11-2016","108.45","113.20","113.95","107.35","378.94K","-4.15%"
"22-11-2016","108.25","108.80","110.50","107.10","314.35K","-0.18%"
"23-11-2016","111.70","109.30","113.15","107.10","464.36K","3.19%"
"24-11-2016","112.85","111.50","114.65","109.90","277.36K","1.03%"
"25-11-2016","115.85","114.00","116.50","113.00","304.63K","2.66%"
"28-11-2016","116.25","114.70","117.80","114.50","228.21K","0.35%"
"29-11-2016","116.80","117.00","117.95","115.25","237.06K","0.47%"
"30-11-2016","116.45","117.00","118.10","115.60","258.08K","-0.30%"
"01-12-2016","115.80","117.00","117.15","114.35","155.14K","-0.56%"
"02-12-2016","114.15","115.80","115.80","113.25","139.03K","-1.42%"
"05-12-2016","117.90","113.30","118.65","113.30","279.00K","3.29%"
"06-12-2016","119.55","117.90","120.80","116.70","592.55K","1.40%"
"07-12-2016","117.10","120.30","120.45","116.35","233.13K","-2.05%"
"08-12-2016","117.90","118.20","120.40","117.50","251.14K","0.68%"
"09-12-2016","117.90","118.95","119.90","117.05","262.91K","0.00%"
"12-12-2016","116.25","118.25","118.45","115.50","154.03K","-1.40%"
"13-12-2016","115.75","117.15","117.80","115.20","218.49K","-0.43%"
"14-12-2016","113.45","116.90","116.90","112.20","186.13K","-1.99%"
"15-12-2016","115.20","112.90","115.90","112.10","286.14K","1.54%"
"16-12-2016","115.15","115.20","115.75","114.30","131.19K","-0.04%"
"19-12-2016","113.40","115.85","115.85","113.05","201.82K","-1.52%"
"20-12-2016","116.30","115.15","117.20","114.45","473.33K","2.56%"
"21-12-2016","113.75","116.00","116.95","113.10","170.80K","-2.19%"
"22-12-2016","112.05","114.00","114.00","111.30","143.31K","-1.49%"
"23-12-2016","113.70","112.25","114.90","111.35","248.57K","1.47%"
"26-12-2016","109.75","113.90","113.90","108.40","305.58K","-3.47%"
"27-12-2016","109.70","110.95","111.40","108.85","349.06K","-0.05%"
"28-12-2016","111.25","110.00","112.40","110.00","194.79K","1.41%"
"29-12-2016","111.50","111.25","112.70","109.30","251.47K","0.22%"
"30-12-2016","113.40","111.50","114.10","111.50","282.22K","1.70%"
"02-01-2017","115.30","113.70","116.75","113.05","347.67K","1.68%"
"03-01-2017","116.90","115.50","118.00","115.30","284.31K","1.39%"
"04-01-2017","115.70","117.90","117.90","115.40","219.36K","-1.03%"
"05-01-2017","115.00","116.05","117.50","114.80","460.02K","-0.61%"
"06-01-2017","114.90","116.20","117.75","114.55","484.22K","-0.09%"
"09-01-2017","113.90","115.40","115.70","113.50","244.39K","-0.87%"
"10-01-2017","114.95","114.00","115.80","114.00","224.89K","0.92%"
"11-01-2017","115.15","115.90","116.35","114.50","470.75K","0.17%"
"12-01-2017","115.25","115.20","117.40","114.90","645.47K","0.09%"
"13-01-2017","122.30","117.90","123.90","117.30","2.93M","6.12%"
"16-01-2017","121.35","122.50","124.50","120.40","852.18K","-0.78%"
"17-01-2017","121.45","121.75","122.80","120.80","306.22K","0.08%"
"18-01-2017","123.65","122.40","124.80","122.20","1.33M","1.81%"
"19-01-2017","123.40","123.45","124.50","122.55","428.08K","-0.20%"
"20-01-2017","121.50","123.00","123.90","120.65","372.68K","-1.54%"
"23-01-2017","123.80","121.75","125.70","121.75","543.04K","1.89%"
"24-01-2017","123.90","125.00","125.15","123.60","227.32K","0.08%"
"25-01-2017","125.75","124.00","127.10","124.00","782.95K","1.49%"
"27-01-2017","126.45","126.90","127.70","125.60","826.62K","0.56%"
"30-01-2017","124.90","124.80","126.80","121.15","813.25K","-1.23%"
"31-01-2017","123.75","124.80","125.50","122.25","317.84K","-0.92%"
"01-02-2017","122.75","123.65","124.40","121.50","255.39K","-0.81%"
"02-02-2017","123.00","123.30","125.70","122.60","503.27K","0.20%"
"03-02-2017","124.95","123.00","126.25","122.60","579.18K","1.59%"
"06-02-2017","124.70","125.00","126.20","124.50","368.17K","-0.20%"
"07-02-2017","123.70","124.95","126.45","122.30","272.93K","-0.80%"
"08-02-2017","125.95","123.95","126.50","123.75","441.67K","1.82%"
"09-02-2017","128.65","125.95","129.40","125.80","899.48K","2.14%"
"10-02-2017","129.65","129.05","132.00","128.90","995.32K","0.78%"
"13-02-2017","127.50","129.95","130.75","126.50","311.32K","-1.66%"
"14-02-2017","121.75","127.05","127.85","121.05","555.83K","-4.51%"
"15-02-2017","117.50","121.10","122.50","115.85","679.40K","-3.49%"
"16-02-2017","119.70","118.40","120.20","116.70","276.74K","1.87%"
"17-02-2017","121.40","120.00","122.50","120.00","298.35K","1.42%"
"20-02-2017","122.75","121.95","124.10","121.20","260.25K","1.11%"
"21-02-2017","122.75","122.70","124.40","122.25","172.30K","0.00%"
"22-02-2017","121.90","123.00","123.80","121.45","190.92K","-0.69%"
"23-02-2017","120.60","122.20","122.60","120.20","182.33K","-1.07%"
"27-02-2017","119.95","120.75","121.90","119.65","178.42K","-0.54%"
"28-02-2017","122.65","120.00","123.50","119.85","399.21K","2.25%"
"01-03-2017","124.00","123.25","125.50","122.70","494.91K","1.10%"
"02-03-2017","122.10","125.00","127.00","121.50","483.48K","-1.53%"
"03-03-2017","123.75","122.50","125.10","121.40","328.94K","1.35%"
"06-03-2017","124.90","123.80","125.25","123.55","274.84K","0.93%"
"07-03-2017","123.05","124.90","125.00","122.10","154.61K","-1.48%"
"08-03-2017","122.10","123.05","123.75","121.70","149.35K","-0.77%"
"09-03-2017","121.55","122.00","122.70","121.00","556.14K","-0.45%"
"10-03-2017","120.75","122.90","122.90","120.20","149.41K","-0.66%"
"14-03-2017","121.05","122.00","123.20","120.15","232.65K","0.25%"
"15-03-2017","120.35","121.65","122.50","120.00","287.30K","-0.58%"
"16-03-2017","122.70","121.35","124.80","121.30","506.24K","1.95%"
"17-03-2017","123.05","123.00","123.80","122.40","220.71K","0.29%"
"20-03-2017","124.85","124.00","125.80","122.90","596.14K","1.46%"
"21-03-2017","124.30","124.95","126.50","123.70","323.51K","-0.44%"
"22-03-2017","121.60","123.45","124.20","121.40","333.15K","-2.17%"
"23-03-2017","124.85","121.60","126.30","121.60","731.40K","2.67%"
"24-03-2017","125.15","124.90","127.90","124.50","839.61K","0.24%"
"27-03-2017","127.40","125.60","132.20","124.00","1.78M","1.80%"
"28-03-2017","126.80","128.50","129.60","126.10","525.79K","-0.47%"
"29-03-2017","125.00","127.40","127.40","124.60","374.30K","-1.42%"
"30-03-2017","125.20","125.25","126.70","124.15","394.78K","0.16%"
"31-03-2017","126.20","125.10","127.75","124.75","580.10K","0.80%"
"03-04-2017","126.55","127.30","127.50","125.55","371.55K","0.28%"
"05-04-2017","125.40","126.55","127.35","125.10","387.39K","-0.91%"
"06-04-2017","127.15","125.50","129.50","125.50","935.95K","1.40%"
"07-04-2017","126.25","127.00","128.80","125.40","419.72K","-0.71%"
"10-04-2017","126.00","126.30","127.25","125.50","280.14K","-0.20%"
"11-04-2017","127.80","126.00","128.75","126.00","348.63K","1.43%"
"12-04-2017","126.25","130.50","130.50","126.00","237.56K","-1.21%"
"13-04-2017","125.85","126.45","128.30","125.50","229.56K","-0.32%"
"17-04-2017","124.95","126.90","126.90","124.70","178.91K","-0.72%"
"18-04-2017","126.25","125.80","127.40","124.50","491.71K","1.04%"
"19-04-2017","126.90","125.50","128.00","125.35","246.50K","0.51%"
"20-04-2017","125.90","127.45","128.20","124.95","243.13K","-0.79%"
"21-04-2017","124.65","126.30","127.00","124.30","242.00K","-0.99%"
"24-04-2017","124.50","125.20","126.00","124.15","226.50K","-0.12%"
"25-04-2017","124.10","125.00","125.80","123.50","267.80K","-0.32%"
"26-04-2017","125.05","124.20","127.55","124.20","564.81K","0.77%"
"27-04-2017","124.15","125.25","125.50","123.80","173.79K","-0.72%"
"28-04-2017","126.05","125.00","126.50","124.05","468.40K","1.53%"
"02-05-2017","127.25","126.45","129.40","125.00","666.29K","0.95%"
"03-05-2017","128.25","128.00","128.95","126.10","355.04K","0.79%"
"04-05-2017","126.15","128.55","129.90","125.90","290.11K","-1.64%"
"05-05-2017","129.80","126.55","130.75","125.30","1.33M","2.89%"
"08-05-2017","133.10","130.95","135.50","130.60","1.38M","2.54%"
"09-05-2017","132.55","133.50","135.00","131.60","451.98K","-0.41%"
"10-05-2017","131.90","133.45","133.70","131.25","267.07K","-0.49%"
"11-05-2017","129.95","132.45","132.65","129.55","322.72K","-1.48%"
"12-05-2017","129.10","130.40","130.85","126.15","481.21K","-0.65%"
"15-05-2017","130.10","130.60","131.40","128.60","402.31K","0.77%"
"16-05-2017","131.05","130.75","132.00","129.05","309.92K","0.73%"
"17-05-2017","130.20","131.80","131.80","129.60","227.52K","-0.65%"
"18-05-2017","130.30","129.20","132.25","128.90","493.38K","0.08%"
"19-05-2017","134.50","139.00","139.00","132.75","2.11M","3.22%"
"22-05-2017","131.35","136.00","136.50","130.50","406.49K","-2.34%"
"23-05-2017","128.80","132.30","132.30","126.50","448.37K","-1.94%"
"24-05-2017","124.25","128.80","128.80","123.20","348.12K","-3.53%"
"25-05-2017","126.75","124.40","127.30","124.40","232.59K","2.01%"
"26-05-2017","130.05","127.80","130.75","126.65","426.15K","2.60%"
"29-05-2017","126.85","130.80","130.80","126.05","172.42K","-2.46%"
"30-05-2017","125.55","126.85","127.10","125.00","223.99K","-1.02%"
"31-05-2017","126.90","125.80","128.40","125.80","165.78K","1.08%"
"01-06-2017","128.75","126.60","131.10","126.60","608.91K","1.46%"
"02-06-2017","129.50","128.85","131.20","128.85","337.51K","0.58%"
"05-06-2017","129.90","129.55","130.90","128.50","196.62K","0.31%"
"06-06-2017","127.65","129.05","130.10","127.20","127.72K","-1.73%"
"07-06-2017","128.80","128.15","130.20","127.50","176.43K","0.90%"
"08-06-2017","127.85","128.90","129.35","127.50","88.38K","-0.74%"
"09-06-2017","127.35","127.60","128.20","126.05","191.04K","-0.39%"
"12-06-2017","126.75","126.90","129.40","126.20","171.48K","-0.47%"
"13-06-2017","129.45","126.95","130.65","126.90","339.64K","2.13%"
"14-06-2017","135.10","129.30","136.75","128.30","1.79M","4.36%"
"15-06-2017","134.45","135.90","137.40","133.10","1.02M","-0.48%"
"16-06-2017","134.20","134.50","137.40","133.65","423.05K","-0.19%"
"19-06-2017","132.69","134.09","135.34","132.29","211.74K","-1.13%"
"20-06-2017","130.85","133.09","134.04","130.60","225.91K","-1.39%"
"21-06-2017","130.60","130.65","133.14","129.30","307.94K","-0.19%"
"22-06-2017","129.20","131.00","131.84","128.75","187.07K","-1.07%"
"23-06-2017","128.10","130.55","130.55","126.85","235.74K","-0.85%"
"27-06-2017","127.35","127.45","129.20","125.86","195.28K","-0.59%"
"28-06-2017","127.20","127.25","128.15","126.40","159.17K","-0.12%"
"29-06-2017","128.30","127.70","129.20","127.45","157.17K","0.86%"
"30-06-2017","128.90","126.75","129.90","126.35","196.65K","0.47%"
"03-07-2017","133.45","129.20","134.25","128.50","547.44K","3.53%"
"04-07-2017","133.80","135.60","137.00","133.50","604.97K","0.26%"
"05-07-2017","141.25","137.00","145.00","135.25","2.63M","5.57%"
"06-07-2017","140.15","142.00","144.30","139.50","605.57K","-0.78%"
"07-07-2017","142.75","140.80","144.15","140.15","1.16M","1.86%"
"10-07-2017","146.75","150.00","150.00","143.00","655.19K","2.80%"
"11-07-2017","145.50","147.45","150.50","144.45","1.38M","-0.85%"
"12-07-2017","145.05","146.00","147.05","143.10","1.23M","-0.31%"
"13-07-2017","144.40","146.25","146.35","143.25","554.88K","-0.45%"
"14-07-2017","142.90","144.40","144.70","141.50","336.81K","-1.04%"
"17-07-2017","143.10","143.50","145.90","142.00","655.04K","0.14%"
"18-07-2017","138.25","142.95","142.95","138.00","555.83K","-3.39%"
"19-07-2017","141.30","138.95","142.35","138.30","558.56K","2.21%"
"20-07-2017","138.90","140.50","141.75","138.40","287.17K","-1.70%"
"21-07-2017","138.55","138.95","139.90","137.20","229.86K","-0.25%"
"24-07-2017","137.55","138.75","140.40","136.55","246.16K","-0.72%"
"25-07-2017","137.25","137.90","139.15","136.55","263.06K","-0.22%"
"26-07-2017","136.85","137.35","139.25","136.50","250.95K","-0.29%"
"27-07-2017","132.70","137.25","138.50","130.90","756.64K","-3.03%"
"28-07-2017","129.10","130.10","130.95","128.70","661.35K","-2.71%"
"31-07-2017","129.20","129.85","130.30","128.75","354.73K","0.08%"
"01-08-2017","130.40","129.75","131.60","128.90","359.40K","0.93%"
"02-08-2017","128.40","130.80","131.15","127.85","234.43K","-1.53%"
"03-08-2017","127.70","128.95","129.00","127.25","160.35K","-0.55%"
"04-08-2017","127.15","128.35","128.35","126.90","197.98K","-0.43%"
"07-08-2017","127.80","127.45","128.40","126.75","189.26K","0.51%"
"08-08-2017","126.00","128.10","128.10","125.55","126.09K","-1.41%"
"09-08-2017","122.10","126.00","126.25","121.50","264.09K","-3.10%"
"10-08-2017","119.70","121.75","122.95","119.00","302.31K","-1.97%"
"11-08-2017","119.15","119.65","120.90","117.00","420.76K","-0.46%"
"14-08-2017","125.85","120.60","127.00","120.60","424.12K","5.62%"
"16-08-2017","132.65","126.00","134.50","125.95","1.79M","5.40%"
"17-08-2017","133.85","133.00","137.50","131.00","1.16M","0.90%"
"18-08-2017","135.10","132.70","137.50","129.30","645.15K","0.93%"
"21-08-2017","137.35","136.70","142.10","136.00","1.41M","1.67%"
"22-08-2017","132.90","138.75","139.90","132.05","483.67K","-3.24%"
"23-08-2017","134.15","133.75","135.00","132.45","380.57K","0.94%"
"24-08-2017","132.05","134.20","134.45","131.50","244.85K","-1.57%"
"28-08-2017","132.30","132.00","135.65","131.50","243.15K","0.19%"
"29-08-2017","132.55","131.60","134.50","130.70","280.99K","0.19%"
"30-08-2017","135.80","132.85","136.45","131.95","527.98K","2.45%"
"31-08-2017","138.05","136.10","139.80","136.00","464.05K","1.66%"
"01-09-2017","139.80","137.80","140.75","137.50","509.97K","1.27%"
"04-09-2017","140.70","139.00","141.40","137.65","427.26K","0.64%"
"05-09-2017","144.20","141.00","145.60","140.40","987.80K","2.49%"
"06-09-2017","151.60","144.00","154.00","142.40","1.96M","5.13%"
"07-09-2017","148.65","153.85","155.00","147.50","1.08M","-1.95%"
"08-09-2017","147.75","149.00","153.30","146.55","702.90K","-0.61%"
"11-09-2017","150.05","148.75","152.65","148.00","2.06M","1.56%"
"12-09-2017","163.40","170.00","174.90","162.20","7.48M","8.90%"
"13-09-2017","157.90","164.65","165.50","157.00","1.32M","-3.37%"
"14-09-2017","162.60","158.70","164.50","155.10","1.54M","2.98%"
"15-09-2017","161.15","162.20","164.40","157.20","1.40M","-0.89%"
"18-09-2017","161.15","162.55","163.70","160.00","1.12M","0.00%"
"19-09-2017","160.65","162.25","163.00","159.50","1.19M","-0.31%"
"20-09-2017","157.45","161.65","161.65","156.80","522.70K","-1.99%"
"21-09-2017","157.55","158.00","160.50","155.25","613.48K","0.06%"
"22-09-2017","151.45","156.00","157.35","150.50","593.01K","-3.87%"
"25-09-2017","146.85","152.30","152.30","143.40","654.12K","-3.04%"
"26-09-2017","152.45","146.80","153.90","146.80","834.08K","3.81%"
"27-09-2017","148.05","154.35","154.35","146.80","390.05K","-2.89%"
"28-09-2017","148.40","148.45","150.90","146.30","352.97K","0.24%"
"29-09-2017","151.75","149.00","154.65","148.15","462.80K","2.26%"
"03-10-2017","151.35","154.00","154.40","150.20","241.91K","-0.26%"
"04-10-2017","150.20","150.20","152.30","149.50","263.82K","-0.76%"
"05-10-2017","153.25","150.20","155.60","150.20","577.59K","2.03%"
"06-10-2017","158.15","153.95","159.40","153.55","873.95K","3.20%"
"09-10-2017","156.65","159.00","160.35","155.75","602.77K","-0.95%"
"10-10-2017","155.30","157.20","158.50","155.00","414.06K","-0.86%"
"11-10-2017","155.50","155.60","160.60","153.90","616.91K","0.13%"
"12-10-2017","154.90","156.00","158.00","154.10","257.64K","-0.39%"
"13-10-2017","155.25","155.45","159.25","154.65","529.16K","0.23%"
"16-10-2017","154.00","156.70","156.70","153.25","329.37K","-0.81%"
"17-10-2017","153.50","154.60","156.15","153.00","268.81K","-0.32%"
"18-10-2017","152.80","153.70","154.50","152.10","200.54K","-0.46%"
"19-10-2017","152.85","153.40","155.20","152.00","118.05K","0.03%"
"23-10-2017","149.95","153.45","153.80","148.85","322.77K","-1.90%"
"24-10-2017","150.85","150.10","153.00","150.00","327.20K","0.60%"
"25-10-2017","149.65","151.95","152.50","149.15","266.73K","-0.80%"
"26-10-2017","150.75","149.65","152.95","149.25","321.99K","0.74%"
"27-10-2017","156.80","150.85","157.40","150.60","759.86K","4.01%"
"30-10-2017","160.20","158.30","164.30","156.65","1.48M","2.17%"
"31-10-2017","162.40","161.00","165.70","157.45","1.39M","1.37%"
"01-11-2017","162.20","162.70","165.00","161.00","590.41K","-0.12%"
"02-11-2017","160.80","162.20","165.50","159.70","901.08K","-0.86%"
"03-11-2017","159.20","161.25","162.90","158.10","317.16K","-1.00%"
"06-11-2017","159.35","158.25","163.00","158.25","614.97K","0.09%"
"07-11-2017","157.00","160.50","162.85","155.10","578.88K","-1.47%"
"08-11-2017","147.80","153.00","153.05","147.10","976.41K","-5.86%"
"09-11-2017","147.65","148.00","151.30","145.25","670.93K","-0.10%"
"10-11-2017","146.65","147.00","150.65","145.25","493.98K","-0.68%"
"13-11-2017","143.60","147.00","147.60","142.85","377.42K","-2.08%"
"14-11-2017","143.60","143.50","144.80","141.25","502.53K","0.00%"
"15-11-2017","141.60","143.00","146.40","140.60","564.96K","-1.39%"
"16-11-2017","145.10","142.00","146.75","142.00","586.65K","2.47%"
"17-11-2017","147.15","146.00","148.45","144.60","538.28K","1.41%"
"20-11-2017","154.05","148.00","155.00","146.15","1.25M","4.69%"
"21-11-2017","161.10","155.50","166.40","155.20","3.45M","4.58%"
"22-11-2017","160.00","161.50","162.25","156.65","911.17K","-0.68%"
"23-11-2017","158.75","160.05","162.30","157.30","809.08K","-0.78%"
"24-11-2017","159.35","160.00","161.50","158.80","455.62K","0.38%"
"27-11-2017","161.65","159.75","163.00","158.00","582.32K","1.44%"
"28-11-2017","175.65","162.45","177.30","161.70","12.10M","8.66%"
"29-11-2017","171.20","177.70","183.50","170.10","13.77M","-2.53%"
"30-11-2017","174.30","168.00","178.45","167.50","5.38M","1.81%"
"01-12-2017","171.25","175.20","180.55","168.80","3.32M","-1.75%"
"04-12-2017","164.20","172.50","172.80","163.60","1.61M","-4.12%"
"05-12-2017","160.05","164.50","164.70","158.40","1.61M","-2.53%"
"06-12-2017","160.05","159.00","164.80","158.00","1.40M","0.00%"
"07-12-2017","163.60","161.50","165.85","160.40","1.15M","2.22%"
"08-12-2017","161.90","164.40","165.90","161.10","1.10M","-1.04%"
"11-12-2017","165.30","162.80","166.90","160.50","1.68M","2.10%"
"12-12-2017","161.50","165.50","165.85","160.90","626.65K","-2.30%"
"13-12-2017","158.90","161.50","164.60","158.40","895.40K","-1.61%"
"14-12-2017","157.20","159.95","160.45","153.70","732.00K","-1.07%"
"15-12-2017","159.55","159.60","161.65","158.15","606.73K","1.49%"
"18-12-2017","159.60","159.95","162.80","152.60","727.18K","0.03%"
"19-12-2017","161.85","160.15","163.00","160.15","864.92K","1.41%"
"20-12-2017","164.95","161.95","168.70","161.95","1.96M","1.92%"
"21-12-2017","163.75","165.80","166.00","163.00","481.40K","-0.73%"
"22-12-2017","164.60","164.10","167.90","162.90","759.39K","0.52%"
"26-12-2017","166.95","164.20","168.90","164.10","958.22K","1.43%"
"27-12-2017","165.75","167.80","170.50","164.15","1.27M","-0.72%"
"28-12-2017","164.45","165.65","166.95","164.00","449.29K","-0.78%"
"29-12-2017","166.95","165.00","169.35","162.10","1.07M","1.52%"
"01-01-2018","164.70","167.00","168.40","163.60","506.86K","-1.35%"
"02-01-2018","165.00","164.95","168.10","163.10","709.48K","0.18%"
"03-01-2018","165.70","165.95","168.05","165.30","519.01K","0.42%"
"04-01-2018","166.00","166.00","167.80","164.60","509.98K","0.18%"
"05-01-2018","167.70","166.60","171.00","166.60","1.38M","1.02%"
"08-01-2018","167.55","168.45","169.75","166.50","679.04K","-0.09%"
"09-01-2018","170.00","168.00","173.40","165.25","2.15M","1.46%"
"10-01-2018","168.85","170.05","172.50","167.25","1.35M","-0.68%"
"11-01-2018","169.15","169.10","172.80","168.20","1.13M","0.18%"
"12-01-2018","169.70","170.20","172.85","167.10","1.27M","0.33%"
"15-01-2018","168.50","170.30","171.30","168.20","464.06K","-0.71%"
"16-01-2018","162.60","168.50","169.00","161.50","700.09K","-3.50%"
"17-01-2018","159.70","163.00","163.00","158.25","905.47K","-1.78%"
"18-01-2018","156.40","160.25","162.95","154.10","774.44K","-2.07%"
"19-01-2018","159.90","156.95","160.50","156.20","633.63K","2.24%"
"22-01-2018","160.75","160.00","162.95","159.55","698.03K","0.53%"
"23-01-2018","158.55","162.00","162.00","157.40","525.62K","-1.37%"
"24-01-2018","157.85","158.70","160.35","157.40","379.58K","-0.44%"
"25-01-2018","158.05","158.50","162.00","156.20","612.08K","0.13%"
"29-01-2018","150.50","157.00","158.00","149.60","967.33K","-4.78%"
"30-01-2018","145.50","152.00","152.20","144.80","862.02K","-3.32%"
"31-01-2018","142.95","146.45","147.35","142.55","715.59K","-1.75%"
"01-02-2018","145.35","143.05","147.35","137.75","794.80K","1.68%"
"02-02-2018","138.85","143.80","143.90","136.05","716.56K","-4.47%"
"05-02-2018","135.60","135.00","137.80","132.75","616.17K","-2.34%"
"06-02-2018","132.70","131.90","133.80","124.50","886.01K","-2.14%"
"07-02-2018","136.80","134.65","138.50","134.65","535.23K","3.09%"
"08-02-2018","140.45","137.20","142.70","136.50","665.50K","2.67%"
"09-02-2018","138.80","137.00","140.50","137.00","432.60K","-1.17%"
"12-02-2018","142.50","140.45","143.80","140.00","335.60K","2.67%"
"14-02-2018","141.20","143.85","145.00","141.00","374.57K","-0.91%"
"15-02-2018","139.50","142.90","144.15","138.95","216.34K","-1.20%"
"16-02-2018","137.90","140.45","141.20","137.15","237.69K","-1.15%"
"19-02-2018","134.80","137.90","138.10","134.00","283.98K","-2.25%"
"20-02-2018","134.00","134.80","136.40","133.30","233.09K","-0.59%"
"21-02-2018","132.80","134.60","135.20","132.00","268.83K","-0.90%"
"22-02-2018","133.00","131.80","134.30","131.55","248.06K","0.15%"
"23-02-2018","135.35","133.95","136.00","133.20","328.95K","1.77%"
"26-02-2018","132.15","135.90","136.80","131.25","605.23K","-2.36%"
"27-02-2018","132.95","133.10","134.75","132.20","293.44K","0.61%"
"28-02-2018","131.90","132.00","133.15","131.55","209.80K","-0.79%"
"01-03-2018","131.35","132.20","133.10","131.00","234.83K","-0.42%"
"05-03-2018","128.60","130.50","131.40","128.00","248.78K","-2.09%"
"06-03-2018","125.05","129.05","130.35","124.10","473.90K","-2.76%"
"07-03-2018","124.15","125.00","125.35","123.00","282.20K","-0.72%"
"08-03-2018","123.85","124.60","125.60","122.00","293.55K","-0.24%"
"09-03-2018","122.40","124.10","127.00","122.00","383.98K","-1.17%"
"12-03-2018","121.55","123.55","124.00","120.05","327.41K","-0.69%"
"13-03-2018","122.40","121.75","124.00","121.15","387.89K","0.70%"
"14-03-2018","124.25","121.60","126.00","121.50","575.92K","1.51%"
"15-03-2018","121.75","123.50","124.90","121.50","1.28M","-2.01%"
"16-03-2018","121.95","122.30","123.65","121.25","560.67K","0.16%"
"19-03-2018","118.65","122.00","122.40","118.00","396.75K","-2.71%"
"20-03-2018","118.40","118.45","119.70","117.90","270.58K","-0.21%"
"21-03-2018","118.00","121.50","121.50","117.30","346.90K","-0.34%"
"22-03-2018","116.90","118.10","119.00","116.20","422.80K","-0.93%"
"23-03-2018","114.95","114.00","116.80","113.55","417.34K","-1.67%"
"26-03-2018","112.80","114.75","114.90","112.00","744.13K","-1.87%"
"27-03-2018","113.85","113.80","116.70","113.45","597.94K","0.93%"
"28-03-2018","113.00","113.95","114.80","112.60","537.82K","-0.75%"
"02-04-2018","121.40","114.00","122.35","113.20","2.13M","7.43%"
"03-04-2018","122.35","121.25","122.90","119.15","477.20K","0.78%"
"04-04-2018","123.10","122.60","127.50","122.10","743.10K","0.61%"
"05-04-2018","125.15","124.50","126.35","124.05","353.93K","1.67%"
"06-04-2018","125.85","125.35","126.30","124.50","264.53K","0.56%"
"09-04-2018","126.45","125.85","128.00","125.65","347.73K","0.48%"
"10-04-2018","127.35","127.80","128.00","125.90","248.94K","0.71%"
"11-04-2018","125.60","127.15","127.60","123.85","305.28K","-1.37%"
"12-04-2018","127.60","125.05","129.25","124.85","794.51K","1.59%"
"13-04-2018","126.90","127.65","128.90","126.20","323.37K","-0.55%"
"16-04-2018","126.05","125.50","126.80","125.00","385.68K","-0.67%"
"17-04-2018","130.15","126.40","131.40","126.25","1.48M","3.25%"
"18-04-2018","130.80","131.00","134.70","129.10","1.33M","0.50%"
"19-04-2018","131.90","131.80","132.45","129.40","452.00K","0.84%"
"20-04-2018","132.80","131.40","134.00","130.10","560.95K","0.68%"
"23-04-2018","130.60","132.65","133.25","130.00","377.56K","-1.66%"
"24-04-2018","130.55","130.30","132.50","130.00","370.65K","-0.04%"
"25-04-2018","132.60","130.10","135.50","129.80","776.73K","1.57%"
"26-04-2018","132.70","133.30","134.60","131.00","373.53K","0.08%"
"27-04-2018","132.00","133.35","133.70","131.20","297.29K","-0.53%"
"30-04-2018","135.85","132.00","137.45","131.80","603.56K","2.92%"
"02-05-2018","132.65","135.60","136.90","131.55","545.07K","-2.36%"
"03-05-2018","131.60","132.05","133.95","130.05","352.37K","-0.79%"
"04-05-2018","132.15","130.85","132.80","130.20","314.78K","0.42%"
"07-05-2018","133.30","133.00","135.00","131.10","469.97K","0.87%"
"08-05-2018","123.95","127.95","128.00","123.25","1.57M","-7.01%"
"09-05-2018","123.95","123.00","125.80","122.55","328.90K","0.00%"
"10-05-2018","120.90","125.00","125.00","120.20","371.85K","-2.46%"
"11-05-2018","120.40","121.65","123.00","120.00","288.74K","-0.41%"
"14-05-2018","119.30","121.00","121.45","118.05","359.76K","-0.91%"
"15-05-2018","115.70","118.80","119.60","115.00","324.72K","-3.02%"
"16-05-2018","115.20","115.70","116.20","114.10","288.13K","-0.43%"
"17-05-2018","115.35","116.00","116.90","114.75","212.88K","0.13%"
"18-05-2018","113.85","116.00","116.00","113.40","271.24K","-1.30%"
"21-05-2018","110.70","115.00","115.00","110.10","264.90K","-2.77%"
"22-05-2018","110.90","110.65","112.00","109.15","363.93K","0.18%"
"23-05-2018","111.65","110.45","113.40","110.20","255.23K","0.68%"
"24-05-2018","110.60","112.20","112.20","109.80","233.73K","-0.94%"
"25-05-2018","113.75","110.30","114.90","110.05","285.19K","2.85%"
"28-05-2018","116.90","113.75","117.70","112.85","314.69K","2.77%"
"29-05-2018","116.45","117.00","118.20","113.80","354.46K","-0.38%"
"30-05-2018","116.00","115.70","117.00","114.55","203.70K","-0.39%"
"31-05-2018","117.60","116.80","119.50","115.50","421.66K","1.38%"
"01-06-2018","115.85","118.95","119.50","114.70","365.86K","-1.49%"
"04-06-2018","115.00","116.20","116.80","114.00","252.63K","-0.73%"
"05-06-2018","114.20","115.20","115.80","110.80","304.38K","-0.70%"
"06-06-2018","116.00","113.80","116.35","112.60","247.05K","1.58%"
"07-06-2018","117.25","116.45","118.20","115.55","317.88K","1.08%"
"08-06-2018","119.60","116.90","122.00","115.70","724.09K","2.00%"
"11-06-2018","123.10","118.70","123.95","118.70","733.48K","2.93%"
"12-06-2018","123.10","124.30","127.00","122.50","496.72K","0.00%"
"13-06-2018","119.35","122.90","123.65","119.10","671.88K","-3.05%"
"14-06-2018","119.75","118.90","121.30","118.10","532.26K","0.34%"
"15-06-2018","121.75","119.90","122.40","119.20","443.94K","1.67%"
"18-06-2018","123.15","120.10","123.85","119.00","346.06K","1.15%"
"19-06-2018","122.65","122.00","123.10","119.50","282.43K","-0.41%"
"20-06-2018","121.35","122.00","123.70","120.10","408.13K","-1.06%"
"21-06-2018","120.75","121.30","121.65","120.10","216.93K","-0.49%"
"22-06-2018","119.80","120.55","120.85","119.20","182.30K","-0.79%"
"25-06-2018","118.75","119.10","119.50","118.00","135.71K","-0.88%"
"26-06-2018","117.10","118.75","118.75","116.75","171.07K","-1.39%"
"27-06-2018","114.50","117.05","117.10","111.75","299.58K","-2.22%"
"28-06-2018","112.25","113.50","113.50","111.50","178.10K","-1.97%"
"29-06-2018","112.95","112.25","113.90","111.90","169.59K","0.62%"
"02-07-2018","111.90","113.50","113.50","110.00","184.35K","-0.93%"
"03-07-2018","126.15","112.00","134.00","110.50","6.74M","12.73%"
"04-07-2018","119.20","125.45","125.60","118.50","2.40M","-5.51%"
"05-07-2018","118.10","117.80","123.20","115.80","1.61M","-0.92%"
"06-07-2018","118.35","118.00","121.40","117.10","696.39K","0.21%"
"09-07-2018","119.15","119.05","123.00","118.25","1.23M","0.68%"
"10-07-2018","118.95","120.00","121.40","118.50","519.53K","-0.17%"
"11-07-2018","118.75","119.95","120.90","117.40","900.77K","-0.17%"
"12-07-2018","117.90","119.50","120.40","117.15","344.59K","-0.72%"
"13-07-2018","115.35","117.90","118.25","115.00","307.83K","-2.16%"
"16-07-2018","109.70","115.55","116.20","109.00","502.56K","-4.90%"
"17-07-2018","112.55","110.00","113.10","109.00","417.60K","2.60%"
"18-07-2018","110.60","112.60","113.70","109.55","290.06K","-1.73%"
"19-07-2018","108.80","111.00","111.35","108.25","312.09K","-1.63%"
"20-07-2018","108.80","108.80","109.60","107.70","200.73K","0.00%"
"23-07-2018","110.10","108.80","111.45","108.50","270.40K","1.19%"
"24-07-2018","113.00","110.50","113.40","110.25","283.98K","2.63%"
"25-07-2018","114.40","113.80","115.40","113.00","299.45K","1.24%"
"26-07-2018","114.10","114.90","115.95","113.10","291.75K","-0.26%"
"27-07-2018","112.70","111.00","113.75","111.00","380.37K","-1.23%"
"30-07-2018","114.25","112.70","116.95","112.50","394.05K","1.38%"
"31-07-2018","114.05","114.25","116.50","112.80","276.90K","-0.18%"
"01-08-2018","114.20","114.10","115.85","113.50","239.91K","0.13%"
"02-08-2018","113.85","114.20","115.50","113.50","235.16K","-0.31%"
"03-08-2018","113.35","114.25","114.95","113.00","236.36K","-0.44%"
"06-08-2018","113.30","114.15","114.60","113.00","180.01K","-0.04%"
"07-08-2018","112.40","113.45","113.85","111.80","182.96K","-0.79%"
"08-08-2018","112.40","113.00","113.40","111.90","178.25K","0.00%"
"09-08-2018","112.50","112.65","113.25","112.15","156.10K","0.09%"
"10-08-2018","111.25","112.75","112.90","111.00","167.92K","-1.11%"
"13-08-2018","110.25","111.40","111.40","110.00","150.04K","-0.90%"
"14-08-2018","111.15","110.85","112.80","110.50","150.56K","0.82%"
"16-08-2018","110.00","111.85","112.80","108.70","217.79K","-1.03%"
"17-08-2018","111.10","110.55","111.90","110.00","196.63K","1.00%"
"20-08-2018","110.10","110.40","111.45","109.55","307.07K","-0.90%"
"21-08-2018","114.75","110.20","116.80","109.35","1.02M","4.22%"
"23-08-2018","112.90","115.00","115.30","112.15","432.60K","-1.61%"
"24-08-2018","112.05","113.40","113.40","111.55","182.22K","-0.75%"
"27-08-2018","111.90","112.15","113.70","111.65","297.71K","-0.13%"
"28-08-2018","112.20","111.20","113.40","111.20","241.57K","0.27%"
"29-08-2018","113.80","112.00","116.20","111.80","822.73K","1.43%"
"30-08-2018","115.20","114.10","116.90","112.80","593.60K","1.23%"
"31-08-2018","116.90","115.70","118.00","112.90","1.15M","1.48%"
"03-09-2018","116.30","116.70","119.70","116.00","991.99K","-0.51%"
"04-09-2018","111.90","116.95","116.95","111.45","435.43K","-3.78%"
"05-09-2018","112.35","112.45","113.40","109.30","445.61K","0.40%"
"06-09-2018","112.35","112.60","113.45","111.40","175.72K","0.00%"
"07-09-2018","112.75","112.50","114.40","111.65","288.88K","0.36%"
"10-09-2018","112.35","112.10","115.80","112.00","509.20K","-0.35%"
"11-09-2018","111.05","112.55","113.15","110.25","172.45K","-1.16%"
"12-09-2018","110.15","112.00","112.50","108.00","335.46K","-0.81%"
"14-09-2018","112.70","111.00","114.35","111.00","501.60K","2.32%"
"17-09-2018","111.40","112.10","113.65","110.75","432.65K","-1.15%"
"18-09-2018","110.40","111.30","113.40","110.10","338.81K","-0.90%"
"19-09-2018","109.45","111.00","112.05","109.00","257.51K","-0.86%"
"21-09-2018","106.00","110.20","110.25","99.00","452.75K","-3.15%"
"24-09-2018","101.65","106.00","106.55","99.55","552.31K","-4.10%"
"25-09-2018","101.60","100.25","102.85","99.35","361.05K","-0.05%"
"26-09-2018","100.60","102.40","102.55","100.20","237.18K","-0.98%"
"27-09-2018","100.25","100.60","102.40","99.40","287.98K","-0.35%"
"28-09-2018","97.00","100.15","100.85","95.20","288.64K","-3.24%"
"01-10-2018","95.50","97.20","97.75","91.95","357.34K","-1.55%"
"03-10-2018","98.40","96.00","102.40","95.40","878.15K","3.04%"
"04-10-2018","97.25","97.90","99.50","96.00","278.15K","-1.17%"
"05-10-2018","95.10","96.20","97.65","94.50","230.58K","-2.21%"
"08-10-2018","94.15","95.00","96.60","93.25","437.49K","-1.00%"
"09-10-2018","93.15","94.40","94.70","92.50","287.88K","-1.06%"
"10-10-2018","95.50","93.05","96.45","93.05","261.47K","2.52%"
"11-10-2018","93.95","93.00","95.40","92.05","188.60K","-1.62%"
"12-10-2018","95.35","95.50","96.70","94.65","235.97K","1.49%"
"15-10-2018","100.90","97.30","101.75","95.50","710.56K","5.82%"
"16-10-2018","103.40","102.85","105.70","102.50","634.08K","2.48%"
"17-10-2018","100.75","104.00","104.25","100.55","204.32K","-2.56%"
"19-10-2018","99.05","99.95","101.00","98.30","208.53K","-1.69%"
"22-10-2018","97.45","99.95","100.20","96.50","140.15K","-1.62%"
"23-10-2018","96.35","96.35","96.80","95.55","157.68K","-1.13%"
"24-10-2018","96.15","96.50","98.35","95.40","163.09K","-0.21%"
"25-10-2018","94.70","95.00","95.80","94.00","178.03K","-1.51%"
"26-10-2018","94.40","95.55","96.10","93.55","316.33K","-0.32%"
"29-10-2018","96.15","94.10","96.60","93.55","391.71K","1.85%"
"30-10-2018","96.25","95.90","98.00","95.65","390.83K","0.10%"
"31-10-2018","95.65","96.90","96.90","94.50","221.08K","-0.62%"
"01-11-2018","97.05","96.00","98.25","95.40","311.24K","1.46%"
"02-11-2018","97.20","98.10","99.30","96.30","379.70K","0.15%"
"05-11-2018","97.80","96.95","98.90","96.10","278.84K","0.62%"
"06-11-2018","96.50","98.00","98.70","95.40","284.40K","-1.33%"
"07-11-2018","97.85","97.00","98.40","96.10","112.43K","1.40%"
"09-11-2018","98.40","97.30","99.00","97.10","249.48K","0.56%"
"12-11-2018","98.25","98.55","99.75","98.00","282.69K","-0.15%"
"13-11-2018","97.25","97.80","98.15","96.25","155.41K","-1.02%"
"14-11-2018","99.15","97.40","100.70","97.00","538.64K","1.95%"
"15-11-2018","98.45","99.15","99.35","97.65","126.55K","-0.71%"
"16-11-2018","98.10","98.25","99.00","97.25","149.11K","-0.36%"
"19-11-2018","98.15","98.00","98.55","97.00","168.58K","0.05%"
"20-11-2018","98.05","97.95","100.00","97.60","281.91K","-0.10%"
"21-11-2018","98.25","97.95","99.35","97.50","92.14K","0.20%"
"22-11-2018","95.95","98.30","98.30","95.80","234.62K","-2.34%"
"26-11-2018","95.40","96.05","96.70","94.85","156.47K","-0.57%"
"27-11-2018","95.55","95.10","96.00","94.50","116.71K","0.16%"
"28-11-2018","94.95","95.45","95.95","94.55","129.12K","-0.63%"
"29-11-2018","94.55","95.00","95.35","93.20","157.10K","-0.42%"
"30-11-2018","94.25","94.55","94.95","94.00","119.89K","-0.32%"
"03-12-2018","94.75","94.25","95.50","93.60","169.94K","0.53%"
"04-12-2018","94.85","94.85","97.45","94.00","217.77K","0.11%"
"05-12-2018","94.00","94.60","95.20","93.80","100.52K","-0.90%"
"06-12-2018","93.35","94.40","94.70","92.70","197.92K","-0.69%"
"07-12-2018","92.75","94.30","94.30","92.50","126.83K","-0.64%"
"10-12-2018","90.75","92.35","92.35","90.55","123.03K","-2.16%"
"11-12-2018","91.00","89.95","91.30","89.30","177.22K","0.28%"
"12-12-2018","92.10","91.60","92.50","90.65","202.92K","1.21%"
"13-12-2018","92.85","92.35","93.60","92.25","167.79K","0.81%"
"14-12-2018","92.35","92.90","92.90","91.50","137.91K","-0.54%"
"17-12-2018","94.80","92.50","95.80","92.10","345.22K","2.65%"
"18-12-2018","95.90","94.50","96.40","94.00","188.15K","1.16%"
"19-12-2018","95.75","96.40","97.20","94.90","286.89K","-0.16%"
"20-12-2018","93.80","95.30","95.55","93.50","276.80K","-2.04%"
"21-12-2018","94.75","93.60","96.30","93.30","399.62K","1.01%"
"24-12-2018","95.45","95.50","95.80","94.15","212.08K","0.74%"
"26-12-2018","95.25","95.50","96.35","94.10","207.48K","-0.21%"
"27-12-2018","95.40","95.35","95.95","94.85","117.90K","0.16%"
"28-12-2018","97.10","95.20","98.50","95.15","425.86K","1.78%"
"31-12-2018","97.30","97.30","98.25","96.95","134.54K","0.21%"
"01-01-2019","98.75","97.35","100.05","96.75","469.20K","1.49%"
"02-01-2019","97.25","98.10","99.55","96.75","167.12K","-1.52%"
"03-01-2019","97.05","97.25","97.40","95.60","142.85K","-0.21%"
"04-01-2019","97.40","97.05","99.65","95.50","401.38K","0.36%"
"07-01-2019","97.00","97.70","98.30","96.40","147.09K","-0.41%"
"08-01-2019","97.35","97.00","98.30","96.20","170.36K","0.36%"
"09-01-2019","97.55","97.60","98.95","97.00","278.11K","0.21%"
"10-01-2019","99.15","97.10","99.55","97.00","280.76K","1.64%"
"11-01-2019","99.20","99.70","100.85","98.50","640.67K","0.05%"
"14-01-2019","101.00","99.00","102.50","97.05","517.48K","1.81%"
"15-01-2019","100.05","101.00","101.70","99.50","148.79K","-0.94%"
"16-01-2019","99.50","100.15","100.75","99.10","253.84K","-0.55%"
"17-01-2019","98.70","99.50","100.65","98.50","141.81K","-0.80%"
"18-01-2019","97.75","99.65","99.65","97.35","99.46K","-0.96%"
"21-01-2019","95.25","97.95","98.40","94.80","164.35K","-2.56%"
"22-01-2019","92.15","94.85","95.40","91.30","304.30K","-3.25%"
"23-01-2019","92.50","92.90","93.55","91.80","156.14K","0.38%"
"24-01-2019","93.80","96.00","97.50","93.15","504.20K","1.41%"
"25-01-2019","92.60","94.80","95.95","92.15","353.36K","-1.28%"
"28-01-2019","91.40","92.00","92.65","90.05","152.01K","-1.30%"
"29-01-2019","90.85","91.55","91.55","90.05","154.50K","-0.60%"
"30-01-2019","88.85","88.95","89.90","87.15","388.22K","-2.20%"
"31-01-2019","90.15","88.90","90.70","88.85","186.73K","1.46%"
"01-02-2019","89.35","91.00","91.00","89.10","142.47K","-0.89%"
"04-02-2019","88.35","88.35","89.45","88.00","113.37K","-1.12%"
"05-02-2019","86.75","88.10","88.25","86.50","160.04K","-1.81%"
"06-02-2019","85.30","87.10","87.20","84.10","218.24K","-1.67%"
"07-02-2019","86.75","85.90","87.20","84.90","128.16K","1.70%"
"08-02-2019","84.80","86.55","86.55","84.35","119.94K","-2.25%"
"11-02-2019","83.90","84.80","84.80","83.50","126.54K","-1.06%"
"12-02-2019","84.35","83.90","84.75","83.05","125.64K","0.54%"
"13-02-2019","83.40","84.35","84.45","83.20","100.06K","-1.13%"
"14-02-2019","83.00","83.25","83.35","82.05","112.31K","-0.48%"
"15-02-2019","82.45","83.10","83.60","81.55","141.01K","-0.66%"
"18-02-2019","81.20","82.45","82.45","81.00","123.13K","-1.52%"
"19-02-2019","81.45","81.20","82.00","80.55","123.00K","0.31%"
"20-02-2019","81.70","81.70","82.50","81.10","99.17K","0.31%"
"21-02-2019","83.10","82.10","84.75","81.70","253.49K","1.71%"
"22-02-2019","84.15","83.15","85.10","82.90","163.85K","1.26%"
"25-02-2019","85.20","84.90","86.40","83.50","186.27K","1.25%"
"26-02-2019","84.00","85.25","85.25","82.15","198.63K","-1.41%"
"27-02-2019","83.70","85.20","85.60","83.10","131.85K","-0.36%"
"28-02-2019","83.90","84.20","84.40","83.50","59.00K","0.24%"
"01-03-2019","85.80","84.00","86.00","83.75","161.83K","2.26%"
"05-03-2019","89.55","86.10","90.00","86.10","442.79K","4.37%"
"06-03-2019","91.20","91.05","93.60","89.50","339.81K","1.84%"
"07-03-2019","90.20","91.50","91.95","89.80","192.27K","-1.10%"
"08-03-2019","90.95","92.00","93.00","90.25","394.00K","0.83%"
"11-03-2019","92.60","91.00","95.95","91.00","551.88K","1.81%"
"12-03-2019","93.05","93.40","94.80","92.70","298.98K","0.49%"
"13-03-2019","92.15","93.25","93.80","91.60","176.11K","-0.97%"
"14-03-2019","95.50","92.00","99.65","92.00","1.67M","3.64%"
"15-03-2019","94.25","95.40","96.95","94.00","298.97K","-1.31%"
"18-03-2019","93.60","94.10","95.50","93.00","166.50K","-0.69%"
"19-03-2019","95.90","93.70","97.10","93.15","807.04K","2.46%"
"20-03-2019","94.30","96.70","96.70","94.00","186.14K","-1.67%"
"22-03-2019","92.90","94.20","94.70","92.65","220.41K","-1.48%"
"25-03-2019","90.25","92.50","92.50","90.05","240.57K","-2.85%"
"26-03-2019","89.80","90.85","91.50","89.10","234.84K","-0.50%"
"27-03-2019","90.10","89.80","91.80","89.40","277.35K","0.33%"
"28-03-2019","89.85","90.20","91.20","89.55","227.44K","-0.28%"
"29-03-2019","90.20","90.25","91.40","89.55","277.87K","0.39%"
"01-04-2019","92.55","90.60","93.25","90.60","350.79K","2.61%"
"02-04-2019","93.70","93.00","95.65","92.55","593.31K","1.24%"
"03-04-2019","92.75","93.75","95.30","92.50","206.10K","-1.01%"
"04-04-2019","90.80","93.25","93.40","90.10","259.67K","-2.10%"
"05-04-2019","91.85","91.90","92.80","91.00","193.16K","1.16%"
"08-04-2019","91.15","92.70","92.70","90.80","144.38K","-0.76%"
"09-04-2019","91.10","91.70","91.80","90.15","137.09K","-0.05%"
"10-04-2019","91.10","91.10","92.30","90.80","117.10K","0.00%"
"11-04-2019","91.90","91.50","92.25","90.60","187.55K","0.88%"
"12-04-2019","92.45","91.90","93.10","91.40","310.33K","0.60%"
"15-04-2019","92.50","93.70","93.70","92.20","223.46K","0.05%"
"16-04-2019","92.90","92.95","93.80","92.30","175.57K","0.43%"
"18-04-2019","92.00","93.20","93.20","91.40","145.23K","-0.97%"
"22-04-2019","92.60","94.00","95.40","92.05","1.19M","0.65%"
"23-04-2019","91.00","92.50","93.35","90.40","257.84K","-1.73%"
"24-04-2019","91.20","91.50","92.10","90.65","196.42K","0.22%"
"25-04-2019","90.70","90.65","91.50","90.50","161.84K","-0.55%"
"26-04-2019","90.50","90.20","91.45","90.20","155.43K","-0.22%"
"30-04-2019","89.00","90.25","90.65","88.55","164.81K","-1.66%"
"02-05-2019","87.85","89.20","89.20","87.50","141.79K","-1.29%"
"03-05-2019","86.85","88.75","88.80","86.50","159.47K","-1.14%"
"06-05-2019","86.85","86.20","87.30","85.80","95.59K","0.00%"
"07-05-2019","85.75","87.90","87.90","85.50","105.60K","-1.27%"
"08-05-2019","85.60","86.90","86.90","84.60","97.46K","-0.17%"
"09-05-2019","86.05","85.40","86.65","84.65","118.41K","0.53%"
"10-05-2019","85.95","86.00","86.80","85.65","86.51K","-0.12%"
"13-05-2019","84.30","87.20","87.50","84.00","134.46K","-1.92%"
"14-05-2019","83.75","84.55","85.25","82.05","203.68K","-0.65%"
"15-05-2019","85.35","84.55","88.00","83.95","237.31K","1.91%"
"16-05-2019","87.85","86.75","91.60","84.30","882.94K","2.93%"
"17-05-2019","87.65","87.35","89.35","86.20","452.41K","-0.23%"
"20-05-2019","90.85","88.65","92.45","86.50","730.23K","3.65%"
"21-05-2019","89.25","90.95","91.85","88.65","172.80K","-1.76%"
"22-05-2019","89.20","89.25","89.65","87.55","153.43K","-0.06%"
"23-05-2019","88.10","90.05","91.80","87.35","181.93K","-1.23%"
"24-05-2019","89.40","88.10","89.90","88.10","209.26K","1.48%"
"27-05-2019","91.50","89.90","92.70","89.55","330.06K","2.35%"
"28-05-2019","91.85","92.15","93.65","91.50","258.17K","0.38%"
"29-05-2019","91.20","92.25","93.00","91.00","191.31K","-0.71%"
"30-05-2019","89.70","91.20","91.20","89.55","135.10K","-1.64%"
"31-05-2019","89.75","90.05","90.90","89.00","171.23K","0.06%"
"03-06-2019","90.90","89.75","92.25","89.15","372.32K","1.28%"
"04-06-2019","91.15","90.90","92.95","90.75","376.41K","0.28%"
"06-06-2019","89.25","91.15","91.35","89.00","211.58K","-2.08%"
"07-06-2019","88.70","89.00","89.70","87.75","189.95K","-0.62%"
"10-06-2019","86.65","72.00","89.75","72.00","693.33K","-2.31%"
"11-06-2019","86.60","87.00","87.85","86.35","213.22K","-0.06%"
"12-06-2019","86.25","86.60","86.90","85.50","120.89K","-0.40%"
"13-06-2019","85.05","86.00","86.00","84.45","159.27K","-1.39%"
"14-06-2019","83.50","85.30","85.60","83.20","189.14K","-1.82%"
"17-06-2019","82.85","84.00","84.70","82.60","167.00K","-0.78%"
"18-06-2019","81.55","83.00","83.10","80.75","218.31K","-1.57%"
"19-06-2019","77.10","82.00","82.55","75.00","521.59K","-5.46%"
"20-06-2019","80.25","77.10","80.90","76.15","247.17K","4.09%"
"21-06-2019","81.65","80.95","83.85","79.00","254.36K","1.74%"
"24-06-2019","79.70","80.55","81.60","78.40","191.13K","-2.39%"
"25-06-2019","80.05","79.50","80.90","78.20","155.68K","0.44%"
"26-06-2019","82.45","79.60","83.25","78.10","387.20K","3.00%"
"27-06-2019","82.90","83.15","84.80","81.75","228.22K","0.55%"
"28-06-2019","82.15","82.75","83.10","81.45","122.10K","-0.90%"
"01-07-2019","81.55","82.00","82.50","81.00","117.94K","-0.73%"
"02-07-2019","81.75","81.55","82.00","81.20","131.00K","0.25%"
"03-07-2019","79.90","81.55","81.90","79.50","290.37K","-2.26%"
"04-07-2019","79.20","79.70","80.45","78.80","235.65K","-0.88%"
"05-07-2019","79.20","79.00","79.70","78.55","184.54K","0.00%"
"08-07-2019","76.85","79.50","79.75","76.30","157.50K","-2.97%"
"09-07-2019","78.05","76.10","78.75","76.10","188.07K","1.56%"
"10-07-2019","77.20","78.25","78.70","76.45","120.66K","-1.09%"
"11-07-2019","77.10","77.00","77.50","76.25","146.27K","-0.13%"
"12-07-2019","77.70","77.10","78.40","76.35","133.42K","0.78%"
"15-07-2019","78.00","78.00","79.50","76.45","186.74K","0.39%"
"16-07-2019","77.60","77.20","78.00","76.65","110.97K","-0.51%"
"17-07-2019","78.45","77.80","79.25","77.10","124.92K","1.10%"
"18-07-2019","77.15","78.95","78.95","76.75","146.07K","-1.66%"
"19-07-2019","76.40","77.20","77.45","75.50","153.50K","-0.97%"
"22-07-2019","75.30","76.10","76.75","74.45","139.62K","-1.44%"
"23-07-2019","74.55","76.30","76.30","74.30","132.86K","-1.00%"
"24-07-2019","73.40","74.60","74.95","73.20","116.02K","-1.54%"
"25-07-2019","74.50","73.50","75.25","71.20","209.30K","1.50%"
"26-07-2019","76.40","75.00","78.70","74.10","366.13K","2.55%"
"29-07-2019","75.35","77.05","77.20","74.60","127.01K","-1.37%"
"30-07-2019","74.60","76.40","76.40","72.15","187.07K","-1.00%"
"31-07-2019","75.15","74.85","75.95","72.00","263.15K","0.74%"
"01-08-2019","75.30","75.00","76.60","74.05","190.97K","0.20%"
"02-08-2019","73.30","74.60","74.75","72.50","156.19K","-2.66%"
"05-08-2019","70.65","73.00","73.20","70.00","207.01K","-3.62%"
"06-08-2019","72.40","70.10","72.95","70.10","157.75K","2.48%"
"07-08-2019","71.75","72.00","73.50","71.20","148.43K","-0.90%"
"08-08-2019","71.45","71.55","72.25","70.50","193.28K","-0.42%"
"09-08-2019","73.50","71.45","73.75","71.40","174.33K","2.87%"
"13-08-2019","72.60","73.20","73.50","72.00","106.89K","-1.22%"
"14-08-2019","73.20","72.00","73.95","71.10","101.30K","0.83%"
"16-08-2019","73.40","73.80","74.00","71.70","106.22K","0.27%"
"19-08-2019","72.85","72.70","74.05","72.20","112.32K","-0.75%"
"20-08-2019","72.20","73.20","74.70","70.00","310.93K","-0.89%"
"21-08-2019","71.15","72.85","72.85","70.55","123.08K","-1.45%"
"22-08-2019","68.80","70.55","70.95","68.60","117.77K","-3.30%"
"23-08-2019","69.75","69.45","70.35","67.10","165.51K","1.38%"
"26-08-2019","70.45","70.10","71.00","69.10","154.35K","1.00%"
"27-08-2019","72.10","70.90","72.65","70.30","146.09K","2.34%"
"28-08-2019","75.50","72.20","78.00","71.45","538.12K","4.72%"
"29-08-2019","73.80","75.20","76.00","72.85","207.37K","-2.25%"
"30-08-2019","75.20","73.50","76.90","72.90","280.39K","1.90%"
"03-09-2019","74.10","75.00","75.00","73.15","112.26K","-1.46%"
"04-09-2019","73.15","73.00","74.10","72.45","149.58K","-1.28%"
"05-09-2019","73.70","72.80","74.05","72.80","122.97K","0.75%"
"06-09-2019","74.35","73.95","74.85","73.45","144.90K","0.88%"
"09-09-2019","74.85","74.50","75.25","73.25","143.99K","0.67%"
"11-09-2019","79.60","74.10","81.40","74.10","464.71K","6.35%"
"12-09-2019","79.40","79.10","82.00","78.30","421.99K","-0.25%"
"13-09-2019","80.20","79.10","81.45","78.25","282.86K","1.01%"
"16-09-2019","81.10","79.80","83.25","79.10","492.09K","1.12%"
"17-09-2019","78.85","81.50","82.70","78.20","313.10K","-2.77%"
"18-09-2019","80.20","80.10","81.20","79.30","241.84K","1.71%"
"19-09-2019","80.65","80.00","82.90","79.75","834.84K","0.56%"
"20-09-2019","81.60","82.00","82.80","80.20","483.82K","1.18%"
"23-09-2019","82.30","81.65","84.80","81.00","804.95K","0.86%"
"24-09-2019","81.75","82.35","83.80","81.30","236.17K","-0.67%"
"25-09-2019","81.05","81.60","81.85","79.70","204.28K","-0.86%"
"26-09-2019","80.80","81.65","81.75","80.55","131.16K","-0.31%"
"27-09-2019","79.70","80.30","81.45","79.25","181.77K","-1.36%"
"30-09-2019","77.25","79.95","79.95","76.65","233.07K","-3.07%"
"01-10-2019","74.65","77.55","77.65","74.00","196.46K","-3.37%"
"03-10-2019","74.30","74.80","75.70","74.00","142.71K","-0.47%"
"04-10-2019","73.50","75.15","75.15","73.00","129.57K","-1.08%"
"07-10-2019","72.80","74.10","74.20","72.55","115.77K","-0.95%"
"09-10-2019","73.00","72.85","73.30","71.60","187.69K","0.27%"
"10-10-2019","74.65","73.00","75.50","72.55","175.52K","2.26%"
"11-10-2019","75.05","75.75","75.75","74.25","139.16K","0.54%"
"14-10-2019","74.95","75.40","75.85","74.50","155.77K","-0.13%"
"15-10-2019","75.90","75.00","76.40","74.15","180.63K","1.27%"
"16-10-2019","75.10","75.85","76.15","74.75","116.94K","-1.05%"
"17-10-2019","75.10","74.55","75.45","74.05","107.31K","0.00%"
"18-10-2019","76.65","75.30","77.35","74.70","138.20K","2.06%"
"22-10-2019","76.25","76.65","77.65","75.80","150.84K","-0.52%"
"23-10-2019","76.90","76.50","79.20","75.75","276.25K","0.85%"
"24-10-2019","77.25","77.55","79.20","76.80","219.74K","0.46%"
"25-10-2019","77.15","77.60","77.95","76.15","133.07K","-0.13%"
"27-10-2019","78.60","78.60","78.60","78.60","","1.88%"
"29-10-2019","81.70","82.00","83.85","81.05","792.01K","3.94%"
"30-10-2019","83.50","82.40","85.70","81.60","829.89K","2.20%"
"31-10-2019","85.40","84.15","87.00","83.45","874.13K","2.28%"
"01-11-2019","85.30","86.40","87.00","85.05","283.73K","-0.12%"
"04-11-2019","86.05","86.00","87.40","85.50","339.45K","0.88%"
"05-11-2019","83.55","86.90","86.90","83.10","213.02K","-2.91%"
"06-11-2019","82.75","83.55","84.00","82.30","144.54K","-0.96%"
"07-11-2019","83.20","83.10","84.90","82.05","213.05K","0.54%"
"08-11-2019","83.90","83.40","88.20","82.55","757.01K","0.84%"
"11-11-2019","84.25","84.60","85.05","83.65","188.97K","0.42%"
"13-11-2019","81.60","83.95","84.95","81.20","215.36K","-3.15%"
"14-11-2019","81.45","81.80","82.40","81.10","139.90K","-0.18%"
"15-11-2019","80.40","81.50","82.90","80.05","193.35K","-1.29%"
"18-11-2019","79.70","80.35","81.20","79.00","211.43K","-0.87%"
"19-11-2019","80.20","80.70","81.90","79.40","132.04K","0.63%"
"20-11-2019","79.55","80.65","81.50","79.15","190.79K","-0.81%"
"21-11-2019","82.70","79.90","83.50","79.40","494.51K","3.96%"
"22-11-2019","84.10","82.00","84.90","81.90","322.52K","1.69%"
"25-11-2019","83.65","85.00","85.80","83.30","271.32K","-0.54%"
"26-11-2019","83.60","84.30","85.25","83.10","237.35K","-0.06%"
"27-11-2019","86.15","84.40","87.30","82.80","753.71K","3.05%"
"28-11-2019","87.10","85.50","89.50","85.40","1.10M","1.10%"
"29-11-2019","88.90","86.50","90.30","86.50","1.74M","2.07%"
"02-12-2019","92.85","89.30","93.70","88.15","1.38M","4.44%"
"03-12-2019","95.50","93.70","97.00","93.30","1.68M","2.85%"
"04-12-2019","96.25","93.30","97.00","93.00","979.28K","0.79%"
"05-12-2019","96.10","98.85","99.00","94.50","1.27M","-0.16%"
"06-12-2019","97.70","96.55","98.30","95.65","1.23M","1.66%"
"09-12-2019","94.75","98.40","98.45","94.30","454.33K","-3.02%"
"10-12-2019","93.50","96.20","96.20","92.00","611.55K","-1.32%"
"11-12-2019","93.40","94.70","96.50","92.25","422.06K","-0.11%"
"12-12-2019","94.00","93.95","95.45","93.30","348.86K","0.64%"
"13-12-2019","94.00","94.50","95.05","93.20","237.10K","0.00%"
"16-12-2019","92.95","94.40","94.50","92.30","258.20K","-1.12%"
"17-12-2019","95.20","94.00","97.50","93.45","952.71K","2.42%"
"18-12-2019","91.80","94.40","95.05","91.20","445.48K","-3.57%"
"19-12-2019","92.20","91.00","92.75","90.10","350.81K","0.44%"
"20-12-2019","91.80","92.60","93.00","91.35","160.73K","-0.43%"
"23-12-2019","91.60","91.00","93.25","91.00","250.06K","-0.22%"
"24-12-2019","91.65","91.60","93.00","91.15","222.31K","0.05%"
"26-12-2019","91.75","91.70","92.40","91.55","151.21K","0.11%"
"27-12-2019","91.85","91.90","92.30","91.20","194.74K","0.11%"
"30-12-2019","92.05","92.30","92.45","91.05","247.88K","0.22%"
"31-12-2019","92.10","92.00","94.25","91.20","746.74K","0.05%"
"01-01-2020","91.50","92.50","92.70","91.30","147.15K","-0.65%"
"02-01-2020","92.45","91.90","93.25","91.55","271.92K","1.04%"
"03-01-2020","93.90","92.70","96.20","92.50","1.28M","1.57%"
"06-01-2020","90.35","92.75","93.25","90.10","319.85K","-3.78%"
"07-01-2020","91.55","91.05","92.55","90.50","229.69K","1.33%"
"08-01-2020","89.15","91.00","91.55","88.60","341.57K","-2.62%"
"09-01-2020","91.45","90.30","92.80","90.00","456.66K","2.58%"
"10-01-2020","93.30","91.80","93.95","91.80","703.29K","2.02%"
"13-01-2020","97.55","95.00","99.85","94.30","2.67M","4.56%"
"14-01-2020","100.35","97.75","102.95","97.05","3.00M","2.87%"
"15-01-2020","99.90","100.50","101.55","99.50","801.67K","-0.45%"
"16-01-2020","101.95","99.90","104.00","99.85","1.61M","2.05%"
"17-01-2020","99.35","102.90","103.85","98.50","776.97K","-2.55%"
"20-01-2020","100.45","99.35","102.80","98.85","1.17M","1.11%"
"21-01-2020","102.95","99.50","106.95","99.50","3.70M","2.49%"
"22-01-2020","102.30","103.95","105.35","101.05","999.52K","-0.63%"
"23-01-2020","103.90","102.90","105.45","102.55","1.47M","1.56%"
"24-01-2020","103.30","103.75","105.40","102.55","739.28K","-0.58%"
"27-01-2020","102.00","102.80","104.55","101.50","610.32K","-1.26%"
"28-01-2020","99.35","102.50","103.65","98.00","1.36M","-2.60%"
"29-01-2020","103.35","106.10","107.80","102.60","3.95M","4.03%"
"30-01-2020","99.95","103.95","104.00","99.05","922.43K","-3.29%"
"31-01-2020","98.10","100.50","100.80","97.40","563.32K","-1.85%"
"01-02-2020","93.70","97.55","97.55","93.15","494.63K","-4.49%"
"03-02-2020","92.85","93.70","94.15","91.35","444.34K","-0.91%"
"04-02-2020","97.30","93.50","98.15","93.00","754.14K","4.79%"
"05-02-2020","99.40","98.10","102.00","97.55","1.03M","2.16%"
"06-02-2020","98.30","100.30","100.40","98.00","352.11K","-1.11%"
"07-02-2020","98.70","98.00","99.40","97.15","460.33K","0.41%"
"10-02-2020","97.20","98.75","98.75","96.30","304.60K","-1.52%"
"11-02-2020","95.55","97.50","98.70","95.05","345.52K","-1.70%"
"12-02-2020","97.05","95.60","97.80","94.70","595.58K","1.57%"
"13-02-2020","95.10","97.50","97.50","94.80","298.90K","-2.01%"
"14-02-2020","94.10","94.80","96.10","93.55","278.00K","-1.05%"
"17-02-2020","91.75","94.25","94.90","91.40","258.26K","-2.50%"
"18-02-2020","91.05","91.50","91.75","89.55","267.75K","-0.76%"
"19-02-2020","95.20","91.10","96.00","91.10","1.38M","4.56%"
"20-02-2020","94.25","95.40","96.60","93.75","316.61K","-1.00%"
"24-02-2020","92.65","93.00","95.40","92.30","422.13K","-1.70%"
"25-02-2020","91.70","92.35","94.20","91.00","295.13K","-1.03%"
"26-02-2020","89.95","90.90","91.40","89.70","217.75K","-1.91%"
"27-02-2020","86.25","89.95","90.05","85.15","391.53K","-4.11%"
"28-02-2020","80.65","83.00","83.75","80.00","427.95K","-6.49%"
"02-03-2020","78.60","81.70","83.00","77.05","331.30K","-2.54%"
"03-03-2020","79.45","78.95","80.35","78.30","306.92K","1.08%"
"04-03-2020","80.45","80.00","82.50","78.45","383.39K","1.26%"
"05-03-2020","79.70","81.00","83.50","78.55","617.52K","-0.93%"
"06-03-2020","76.45","73.15","77.00","73.15","353.80K","-4.08%"
"09-03-2020","71.80","74.85","74.90","70.00","424.82K","-6.08%"
"11-03-2020","71.45","72.85","74.50","70.95","286.63K","-0.49%"
"12-03-2020","66.80","70.00","70.00","65.80","455.60K","-6.51%"
"13-03-2020","66.80","58.20","68.75","53.45","588.32K","0.00%"
"16-03-2020","64.30","64.00","67.80","62.80","282.04K","-3.74%"
"17-03-2020","63.10","64.45","66.00","62.80","229.08K","-1.87%"
"18-03-2020","60.70","63.60","65.40","60.00","451.72K","-3.80%"
"19-03-2020","58.70","58.00","60.50","56.00","360.16K","-3.29%"
"20-03-2020","59.80","58.75","60.90","58.15","401.95K","1.87%"
"23-03-2020","51.65","56.00","56.00","48.15","367.29K","-13.63%"
"24-03-2020","49.40","53.65","54.25","49.00","527.81K","-4.36%"
"25-03-2020","50.50","49.40","50.90","48.00","368.74K","2.23%"
"26-03-2020","54.10","50.25","57.00","50.25","490.78K","7.13%"
"27-03-2020","54.60","59.00","59.00","53.40","419.65K","0.92%"
"30-03-2020","55.00","53.60","58.20","52.40","701.74K","0.73%"
"31-03-2020","56.15","57.00","57.40","55.70","362.22K","2.09%"
"01-04-2020","54.80","57.80","57.95","54.00","481.81K","-2.40%"
"03-04-2020","54.30","55.85","56.30","54.00","365.94K","-0.91%"
"07-04-2020","58.50","57.00","59.00","55.30","568.91K","7.73%"
"08-04-2020","59.80","58.50","61.65","57.50","463.34K","2.22%"
"09-04-2020","68.10","64.70","69.00","62.35","1.58M","13.88%"
"13-04-2020","71.25","70.50","74.80","70.00","1.36M","4.63%"
"15-04-2020","70.10","72.50","74.20","69.30","796.72K","-1.61%"
"16-04-2020","70.75","70.05","71.90","69.70","406.05K","0.93%"
"17-04-2020","71.20","72.20","72.95","70.60","345.24K","0.64%"
"20-04-2020","73.90","72.55","75.40","71.30","1.21M","3.79%"
"21-04-2020","70.55","73.00","73.00","70.20","519.14K","-4.53%"
"22-04-2020","70.00","70.55","70.90","68.70","283.48K","-0.78%"
"23-04-2020","70.85","71.70","72.85","69.30","471.30K","1.21%"
"24-04-2020","70.20","70.55","72.75","70.15","497.97K","-0.92%"
"27-04-2020","70.80","72.00","72.00","70.30","321.93K","0.85%"
"28-04-2020","73.95","71.15","76.00","70.55","1.63M","4.45%"
"29-04-2020","75.25","73.15","76.75","73.15","1.40M","1.76%"
"30-04-2020","78.50","76.25","82.70","75.50","2.69M","4.32%"
"04-05-2020","75.95","74.00","76.50","74.00","730.02K","-3.25%"
"05-05-2020","77.70","77.90","79.95","77.05","952.10K","2.30%"
"06-05-2020","76.95","79.80","79.80","76.10","1.57M","-0.97%"
"07-05-2020","74.55","76.95","76.95","74.00","600.48K","-3.12%"
"08-05-2020","72.50","75.00","75.50","72.15","496.54K","-2.75%"
"11-05-2020","72.05","72.80","73.50","71.80","295.17K","-0.62%"
"12-05-2020","70.75","71.85","71.85","69.00","373.16K","-1.80%"
"13-05-2020","72.55","73.70","73.95","71.65","444.15K","2.54%"
"14-05-2020","71.50","71.50","73.15","71.15","217.24K","-1.45%"
"15-05-2020","72.20","72.20","74.80","71.00","667.83K","0.98%"
"18-05-2020","70.15","72.80","72.90","69.25","389.52K","-2.84%"
"19-05-2020","71.15","70.80","72.50","69.85","446.94K","1.43%"
"20-05-2020","71.20","71.20","71.95","70.65","199.69K","0.07%"
"21-05-2020","71.30","71.40","73.20","70.55","340.92K","0.14%"
"22-05-2020","71.05","70.50","72.20","70.50","224.70K","-0.35%"
"26-05-2020","73.15","71.35","73.95","71.35","644.44K","2.96%"
"27-05-2020","73.85","73.75","74.90","72.00","921.54K","0.96%"
"28-05-2020","74.00","74.45","74.70","73.50","264.10K","0.20%"
"29-05-2020","74.55","73.70","75.30","72.10","431.53K","0.74%"
"01-06-2020","74.65","76.40","76.40","73.75","451.50K","0.13%"
"02-06-2020","75.20","75.70","75.85","75.05","258.39K","0.74%"
"03-06-2020","76.00","74.90","77.40","74.90","559.31K","1.06%"
"04-06-2020","76.30","75.95","77.85","75.80","353.35K","0.39%"
"05-06-2020","79.30","76.15","79.85","76.15","977.26K","3.93%"
"08-06-2020","79.50","80.40","82.00","78.85","685.96K","0.25%"
"09-06-2020","78.35","80.55","81.00","77.95","468.66K","-1.45%"
"10-06-2020","82.05","78.40","84.60","78.40","1.84M","4.72%"
"11-06-2020","85.25","82.70","90.50","82.25","3.00M","3.90%"
"12-06-2020","83.55","82.40","86.50","78.75","1.18M","-1.99%"
"15-06-2020","81.90","83.55","84.90","81.15","476.44K","-1.97%"
"16-06-2020","85.15","82.95","86.95","78.40","3.20M","3.97%"
"17-06-2020","84.90","84.50","87.00","83.50","1.09M","-0.29%"
"18-06-2020","85.00","84.80","87.20","84.45","668.18K","0.12%"
"19-06-2020","84.35","85.00","87.15","83.60","714.42K","-0.76%"
"22-06-2020","84.05","85.75","85.90","83.70","534.03K","-0.36%"
"23-06-2020","84.15","84.20","84.85","83.50","359.59K","0.12%"
"24-06-2020","84.10","84.65","86.20","83.60","636.24K","-0.06%"
"25-06-2020","84.25","84.00","85.00","83.10","446.90K","0.18%"
"26-06-2020","83.60","85.00","85.80","83.40","365.82K","-0.77%"
"29-06-2020","82.25","83.15","83.40","82.00","260.24K","-1.61%"
"30-06-2020","81.95","82.35","84.50","81.50","351.66K","-0.36%"
"01-07-2020","81.95","81.50","82.70","81.05","318.89K","0.00%"
"02-07-2020","81.90","82.25","82.70","81.55","267.38K","-0.06%"
"03-07-2020","84.35","82.05","85.45","82.05","921.18K","2.99%"
"06-07-2020","86.60","85.80","87.85","85.05","1.66M","2.67%"
"07-07-2020","85.65","86.70","87.00","85.05","476.14K","-1.10%"
"08-07-2020","87.70","86.40","88.80","85.35","1.75M","2.39%"
"09-07-2020","87.25","88.40","89.25","87.00","802.92K","-0.51%"
"10-07-2020","83.00","86.95","87.80","82.60","1.03M","-4.87%"
"13-07-2020","80.30","83.15","84.45","79.60","1.63M","-3.25%"
"14-07-2020","78.00","80.20","81.30","77.70","747.53K","-2.86%"
"15-07-2020","79.00","79.00","80.70","78.40","480.34K","1.28%"
"16-07-2020","79.20","79.15","80.00","78.55","273.01K","0.25%"
"17-07-2020","80.10","79.80","81.35","79.05","395.14K","1.14%"
"20-07-2020","80.05","80.90","81.00","79.55","255.79K","-0.06%"
"21-07-2020","80.55","82.00","82.00","80.25","422.97K","0.62%"
"22-07-2020","80.55","80.40","81.50","80.25","313.05K","0.00%"
"23-07-2020","82.60","81.40","84.25","81.10","1.31M","2.54%"
"24-07-2020","83.15","82.00","84.45","82.00","708.23K","0.67%"
"27-07-2020","81.90","84.00","84.00","81.25","403.69K","-1.50%"
"28-07-2020","83.30","82.45","84.00","81.90","629.29K","1.71%"
"29-07-2020","93.10","96.65","96.65","91.30","11.99M","11.76%"
"30-07-2020","93.55","94.00","95.50","93.00","2.71M","0.48%"
"31-07-2020","90.55","93.40","94.00","89.55","1.07M","-3.21%"
"03-08-2020","93.10","90.35","95.00","89.05","1.52M","2.82%"
"04-08-2020","95.50","93.50","96.50","93.45","1.37M","2.58%"
"05-08-2020","96.85","97.15","98.70","96.15","1.93M","1.41%"
"06-08-2020","100.60","96.05","102.30","96.05","2.88M","3.87%"
"07-08-2020","106.20","100.50","106.90","99.10","5.10M","5.57%"
"10-08-2020","109.00","107.25","110.40","107.00","2.49M","2.64%"
"11-08-2020","105.45","110.00","111.50","103.90","1.97M","-3.26%"
"12-08-2020","106.40","105.35","106.95","102.70","1.08M","0.90%"
"13-08-2020","108.70","107.00","110.20","106.50","1.63M","2.16%"
"14-08-2020","105.50","109.45","109.80","103.10","1.14M","-2.94%"
"17-08-2020","104.85","106.50","107.10","104.40","512.34K","-0.62%"
"18-08-2020","107.70","105.75","108.75","105.10","923.19K","2.72%"
"19-08-2020","115.60","108.40","116.65","107.15","5.73M","7.34%"
"20-08-2020","115.45","115.00","117.90","114.10","2.09M","-0.13%"
"21-08-2020","116.30","115.45","118.45","115.45","1.52M","0.74%"
"24-08-2020","116.75","117.35","119.90","116.30","1.49M","0.39%"
"25-08-2020","113.60","117.50","117.65","112.90","1.27M","-2.70%"
"26-08-2020","117.65","114.00","118.75","113.75","2.01M","3.57%"
"27-08-2020","117.40","117.20","119.60","116.50","1.21M","-0.21%"
"28-08-2020","115.45","117.75","118.30","115.00","844.83K","-1.66%"
"31-08-2020","108.85","116.50","116.95","107.40","1.21M","-5.72%"
"01-09-2020","108.70","108.70","110.50","105.45","560.47K","-0.14%"
"02-09-2020","112.25","109.75","112.95","109.00","734.08K","3.27%"
"03-09-2020","114.30","113.00","116.85","112.25","931.31K","1.83%"
"04-09-2020","112.25","111.30","114.10","111.05","494.47K","-1.79%"
"07-09-2020","109.50","113.30","114.60","108.55","619.04K","-2.45%"
"08-09-2020","107.20","109.90","110.90","106.75","368.51K","-2.10%"
"09-09-2020","106.10","106.15","106.90","103.35","646.22K","-1.03%"
"10-09-2020","107.25","107.00","108.00","106.35","387.82K","1.08%"
"11-09-2020","109.35","107.25","110.60","106.90","896.94K","1.96%"
"14-09-2020","111.80","111.50","112.65","110.00","865.64K","2.24%"
"15-09-2020","111.85","112.75","112.90","111.30","490.63K","0.04%"
"16-09-2020","110.90","112.20","114.20","110.60","1.01M","-0.85%"
"17-09-2020","111.65","111.80","114.40","110.75","1.70M","0.68%"
"18-09-2020","111.85","112.25","112.80","108.75","501.25K","0.18%"
"21-09-2020","105.55","111.80","112.90","104.90","735.23K","-5.63%"
"22-09-2020","103.00","104.50","105.00","100.35","687.15K","-2.42%"
"23-09-2020","101.60","103.20","104.85","99.85","566.25K","-1.36%"
"24-09-2020","98.40","99.50","101.70","97.70","623.71K","-3.15%"
"25-09-2020","101.70","100.10","103.85","100.10","703.08K","3.35%"
"28-09-2020","104.50","102.75","105.40","102.70","530.08K","2.75%"
"29-09-2020","104.50","106.00","106.50","103.80","415.57K","0.00%"
"30-09-2020","104.60","105.40","106.00","103.50","386.98K","0.10%"
"01-10-2020","105.15","106.20","109.50","104.55","373.96K","0.53%"
"05-10-2020","105.05","105.90","106.80","104.50","415.88K","-0.10%"
"06-10-2020","104.95","105.90","106.40","104.45","281.77K","-0.10%"
"07-10-2020","103.75","104.15","105.25","103.35","223.43K","-1.14%"
"08-10-2020","103.10","104.70","104.70","102.50","266.77K","-0.63%"
"09-10-2020","103.95","103.70","104.30","102.25","250.73K","0.82%"
"12-10-2020","102.85","105.00","105.00","102.20","252.21K","-1.06%"
"13-10-2020","102.05","103.30","104.20","101.40","193.57K","-0.78%"
"14-10-2020","101.20","102.95","102.95","100.10","236.60K","-0.83%"
"15-10-2020","100.30","102.30","102.75","100.00","265.36K","-0.89%"
"16-10-2020","100.35","100.45","101.60","99.40","246.73K","0.05%"
"19-10-2020","102.90","101.40","103.95","100.80","376.27K","2.54%"
"20-10-2020","103.80","103.45","104.50","102.25","302.38K","0.87%"
"21-10-2020","101.90","104.30","107.40","101.50","1.01M","-1.83%"
"22-10-2020","105.65","101.90","106.90","101.60","1.22M","3.68%"
"23-10-2020","109.10","106.70","110.60","105.40","1.69M","3.27%"
"26-10-2020","108.35","110.35","110.75","104.70","896.11K","-0.69%"
"27-10-2020","109.55","108.00","113.40","107.00","2.13M","1.11%"
"28-10-2020","109.30","109.85","110.50","107.20","793.11K","-0.23%"
"29-10-2020","101.45","104.00","107.60","101.00","1.54M","-7.18%"
"30-10-2020","101.60","102.35","103.45","99.70","654.71K","0.15%"
"02-11-2020","99.85","102.00","102.95","99.30","436.94K","-1.72%"
"03-11-2020","99.75","100.50","101.80","99.05","381.32K","-0.10%"
"04-11-2020","100.40","100.90","101.00","99.20","348.30K","0.65%"
"05-11-2020","102.60","100.90","104.20","100.30","1.09M","2.19%"
"06-11-2020","101.45","102.80","103.95","100.75","491.09K","-1.12%"
"09-11-2020","102.90","103.45","103.45","102.00","372.17K","1.43%"
"10-11-2020","102.30","103.25","103.25","101.10","341.28K","-0.58%"
"11-11-2020","101.45","102.80","102.90","100.75","426.48K","-0.83%"
"12-11-2020","102.55","101.90","103.20","101.40","288.87K","1.08%"
"13-11-2020","102.15","103.25","103.95","101.80","518.40K","-0.39%"
"17-11-2020","102.65","104.05","104.30","102.40","306.19K","0.49%"
"18-11-2020","102.65","103.25","103.95","102.30","508.49K","0.00%"
"19-11-2020","101.90","102.95","103.45","101.20","721.39K","-0.73%"
"20-11-2020","102.50","102.40","103.60","102.15","431.20K","0.59%"
"23-11-2020","103.70","103.00","104.80","102.50","832.15K","1.17%"
"24-11-2020","103.90","103.90","104.55","103.60","615.22K","0.19%"
"25-11-2020","102.75","104.60","104.80","102.50","410.12K","-1.11%"
"26-11-2020","102.60","103.00","103.80","101.35","279.18K","-0.15%"
"27-11-2020","103.25","102.60","104.35","102.10","529.51K","0.63%"
"01-12-2020","105.25","103.80","107.85","103.20","4.83M","1.94%"
"02-12-2020","107.60","106.15","108.70","105.50","2.23M","2.23%"
"03-12-2020","109.10","108.65","109.90","108.60","1.46M","1.39%"
"04-12-2020","107.30","109.90","110.40","105.55","1.12M","-1.65%"
"07-12-2020","111.10","107.35","112.50","107.35","2.76M","3.54%"
"08-12-2020","110.60","112.20","112.75","108.40","1.31M","-0.45%"
"09-12-2020","112.20","111.70","113.90","110.55","2.06M","1.45%"
"10-12-2020","110.60","111.75","111.80","109.10","747.28K","-1.43%"
"11-12-2020","109.05","111.00","112.30","108.30","883.79K","-1.40%"
"14-12-2020","108.50","109.65","110.70","108.10","684.22K","-0.50%"
"15-12-2020","108.15","108.60","108.70","106.30","659.96K","-0.32%"
"16-12-2020","108.60","108.25","109.40","108.25","514.46K","0.42%"
"17-12-2020","109.20","108.95","111.75","108.45","1.19M","0.55%"
"18-12-2020","108.50","109.70","110.20","107.70","543.67K","-0.64%"
"21-12-2020","101.55","108.20","109.00","99.00","1.10M","-6.41%"
"22-12-2020","103.05","102.00","104.20","98.40","903.47K","1.48%"
"23-12-2020","106.65","103.05","107.25","102.50","660.22K","3.49%"
"24-12-2020","104.65","107.45","107.55","103.90","655.28K","-1.88%"
"28-12-2020","105.95","105.40","106.80","105.00","411.54K","1.24%"
"29-12-2020","105.95","106.80","107.35","105.10","507.19K","0.00%"
"30-12-2020","105.55","106.00","106.75","105.00","286.87K","-0.38%"
"31-12-2020","104.65","105.10","105.85","104.15","545.16K","-0.85%"
"01-01-2021","107.95","105.05","108.70","103.50","1.34M","3.15%"
"04-01-2021","108.70","109.00","110.00","107.55","956.11K","0.69%"
"05-01-2021","107.85","107.55","108.70","106.50","447.86K","-0.78%"
"06-01-2021","106.65","108.00","108.85","106.00","788.88K","-1.11%"
"07-01-2021","106.20","107.55","107.65","105.90","562.01K","-0.42%"
"08-01-2021","106.30","107.00","108.20","105.65","934.58K","0.09%"
"11-01-2021","106.95","107.50","108.50","106.10","1.26M","0.61%"
"12-01-2021","113.95","107.40","116.60","107.00","7.44M","6.55%"
"13-01-2021","115.85","115.85","120.00","113.35","8.22M","1.67%"
"14-01-2021","115.05","116.85","116.85","114.25","1.58M","-0.69%"
"15-01-2021","112.60","114.75","115.85","111.00","2.02M","-2.13%"
"18-01-2021","109.25","112.90","113.60","108.05","1.26M","-2.98%"
"19-01-2021","111.45","109.55","113.40","109.55","1.13M","2.01%"
"20-01-2021","112.65","112.30","114.65","111.45","1.61M","1.08%"
"21-01-2021","114.05","113.60","117.30","113.05","3.19M","1.24%"
"22-01-2021","116.75","115.75","118.75","115.15","5.62M","2.37%"
"25-01-2021","116.65","118.70","121.50","115.05","3.84M","-0.09%"
"27-01-2021","111.30","116.65","116.70","109.90","1.48M","-4.59%"
"28-01-2021","112.65","111.30","116.00","111.30","2.70M","1.21%"
"29-01-2021","110.50","114.35","114.35","109.65","1.03M","-1.91%"
"01-02-2021","112.45","111.20","113.90","108.50","1.06M","1.76%"
"02-02-2021","112.40","114.00","114.90","111.85","883.24K","-0.04%"
"03-02-2021","113.00","113.40","114.50","112.10","879.49K","0.53%"
"04-02-2021","113.50","113.00","114.40","112.40","1.07M","0.44%"
"05-02-2021","111.30","113.95","114.35","111.05","909.44K","-1.94%"
"08-02-2021","110.75","111.95","112.35","110.35","771.92K","-0.49%"
"09-02-2021","109.95","111.50","112.35","109.60","766.15K","-0.72%"
"10-02-2021","108.00","110.35","110.60","107.10","954.13K","-1.77%"
"11-02-2021","108.35","108.00","109.80","107.70","628.80K","0.32%"
"12-02-2021","110.25","108.75","111.45","108.15","809.17K","1.75%"
"15-02-2021","109.25","110.65","111.10","109.00","557.44K","-0.91%"
"16-02-2021","109.25","109.75","111.75","107.70","779.66K","0.00%"
"17-02-2021","107.35","111.00","112.65","107.10","1.97M","-1.74%"
"18-02-2021","107.20","107.95","108.45","106.70","855.79K","-0.14%"
"19-02-2021","105.35","107.20","107.70","104.70","1.16M","-1.73%"
"22-02-2021","104.35","105.80","105.85","104.00","589.58K","-0.95%"
"23-02-2021","108.40","105.10","109.30","104.80","1.63M","3.88%"
"24-02-2021","111.95","113.40","114.00","109.05","3.17M","3.27%"
"25-02-2021","118.50","111.95","119.40","111.65","5.57M","5.85%"
"26-02-2021","130.00","116.80","135.70","115.25","21.35M","9.70%"
"01-03-2021","131.75","133.00","136.95","129.20","8.35M","1.35%"
"02-03-2021","128.30","132.05","132.25","127.30","2.57M","-2.62%"
"03-03-2021","132.05","129.00","135.40","126.40","4.29M","2.92%"
"04-03-2021","134.55","130.60","138.80","129.05","5.29M","1.89%"
"05-03-2021","128.45","134.00","136.80","127.50","2.60M","-4.53%"
"08-03-2021","127.70","129.80","130.75","126.60","1.22M","-0.58%"
"09-03-2021","126.20","128.50","130.90","125.00","1.68M","-1.17%"
"10-03-2021","126.60","126.95","128.35","125.55","1.02M","0.32%"
"12-03-2021","131.70","127.45","133.60","126.10","4.05M","4.03%"
"15-03-2021","128.30","132.45","132.45","126.50","1.51M","-2.58%"
"16-03-2021","127.25","129.15","130.55","126.30","1.17M","-0.82%"
"17-03-2021","121.35","127.95","128.15","120.55","1.40M","-4.64%"
"18-03-2021","119.30","122.50","124.70","117.25","1.82M","-1.69%"
"19-03-2021","117.45","118.85","118.85","112.70","2.50M","-1.55%"
"22-03-2021","116.50","118.40","118.95","115.30","1.87M","-0.81%"
"23-03-2021","126.10","117.30","128.70","116.70","7.46M","8.24%"
"24-03-2021","120.05","124.80","125.90","119.20","3.17M","-4.80%"
"25-03-2021","116.20","120.00","121.25","114.30","2.71M","-3.21%"
"26-03-2021","121.15","117.80","124.00","116.75","3.03M","4.26%"
"30-03-2021","121.90","121.00","123.20","120.00","1.88M","0.62%"
"31-03-2021","119.95","121.45","122.30","118.85","1.46M","-1.60%"
"01-04-2021","122.85","120.65","123.90","120.55","1.69M","2.42%"
"05-04-2021","121.10","122.85","122.85","117.50","1.74M","-1.42%"
"06-04-2021","124.90","121.15","126.00","119.65","3.19M","3.14%"
"07-04-2021","127.55","125.60","130.50","125.20","4.23M","2.12%"
"08-04-2021","126.50","128.70","129.50","125.20","1.98M","-0.82%"
"09-04-2021","125.60","127.35","127.50","124.50","1.55M","-0.71%"
"12-04-2021","117.45","123.00","123.10","116.05","2.13M","-6.49%"
"13-04-2021","117.55","119.15","121.50","116.60","1.71M","0.09%"
"15-04-2021","116.45","117.65","118.60","115.20","1.58M","-0.94%"
"16-04-2021","119.05","117.10","119.75","116.75","1.57M","2.23%"
"19-04-2021","114.45","115.50","117.40","114.00","1.26M","-3.86%"
"20-04-2021","115.80","115.25","117.40","114.25","1.24M","1.18%"
"22-04-2021","116.10","115.00","117.40","114.15","1.05M","0.26%"
"23-04-2021","125.05","115.20","126.75","115.20","5.97M","7.71%"
"26-04-2021","126.70","126.90","129.15","124.75","2.92M","1.32%"
"27-04-2021","126.95","128.05","128.80","125.80","1.72M","0.20%"
"28-04-2021","127.35","128.50","130.90","126.75","2.87M","0.32%"
"29-04-2021","127.80","129.70","130.80","126.40","2.61M","0.35%"
"30-04-2021","131.00","133.25","139.85","129.00","14.62M","2.50%"
"03-05-2021","137.70","130.85","139.45","127.40","6.82M","5.11%"
"04-05-2021","141.55","141.00","147.30","140.10","13.81M","2.80%"
"05-05-2021","142.55","143.40","145.65","140.55","4.06M","0.71%"
"06-05-2021","148.55","145.00","149.95","143.75","7.70M","4.21%"
"07-05-2021","153.10","150.00","154.70","144.05","11.75M","3.06%"
"10-05-2021","168.40","154.25","172.00","153.15","21.08M","9.99%"
"11-05-2021","172.40","165.75","180.90","161.15","23.20M","2.38%"
"12-05-2021","163.50","173.40","176.75","159.80","7.40M","-5.16%"
"14-05-2021","160.40","165.85","169.20","157.55","4.93M","-1.90%"
"17-05-2021","166.10","161.80","168.70","158.50","5.86M","3.55%"
"18-05-2021","161.60","167.85","168.60","160.00","3.47M","-2.71%"
"19-05-2021","177.80","163.00","180.00","163.00","23.37M","10.02%"
"20-05-2021","183.25","181.25","185.85","179.10","14.33M","3.07%"
"21-05-2021","178.50","184.80","185.45","176.15","5.57M","-2.59%"
"24-05-2021","178.70","180.00","181.40","172.25","6.08M","0.11%"
"25-05-2021","178.05","180.25","181.75","175.00","4.03M","-0.36%"
"26-05-2021","178.65","178.40","181.50","176.05","4.25M","0.34%"
"27-05-2021","183.80","180.40","188.60","179.50","10.89M","2.88%"
"28-05-2021","179.85","184.60","185.50","177.00","3.47M","-2.15%"
"31-05-2021","179.20","182.00","183.70","178.40","2.70M","-0.36%"
"01-06-2021","174.25","180.00","181.35","172.65","2.95M","-2.76%"
"02-06-2021","174.00","173.55","175.65","172.05","2.10M","-0.14%"
"03-06-2021","176.70","176.90","178.70","175.60","2.33M","1.55%"
"04-06-2021","174.35","177.90","177.90","173.75","1.34M","-1.33%"
"07-06-2021","174.35","176.40","176.65","173.00","1.71M","0.00%"
"08-06-2021","177.45","176.25","178.90","174.10","2.88M","1.78%"
"09-06-2021","178.75","179.00","184.70","176.25","6.07M","0.73%"
"10-06-2021","186.95","179.50","190.00","179.10","11.75M","4.59%"
"11-06-2021","188.60","187.20","193.40","186.30","6.99M","0.88%"
"14-06-2021","184.65","188.50","188.50","177.55","3.26M","-2.09%"
"15-06-2021","181.80","184.15","186.50","180.80","2.06M","-1.54%"
"16-06-2021","181.35","182.25","185.95","178.35","2.58M","-0.25%"
"17-06-2021","178.45","179.60","183.20","177.50","1.93M","-1.60%"
"18-06-2021","175.15","179.00","180.20","168.00","2.58M","-1.85%"
"21-06-2021","174.05","170.05","175.95","168.65","2.13M","-0.63%"
"22-06-2021","175.95","175.20","178.70","175.20","1.22M","1.09%"
"23-06-2021","174.20","177.30","177.30","173.10","1.07M","-0.99%"
"24-06-2021","172.90","175.75","175.75","172.05","922.50K","-0.75%"
"25-06-2021","177.80","173.05","178.95","172.20","2.05M","2.83%"
"28-06-2021","183.35","180.95","185.40","178.50","4.61M","3.12%"
"29-06-2021","185.75","185.10","189.00","184.55","4.59M","1.31%"
"30-06-2021","187.65","187.70","190.60","186.50","3.57M","1.02%"
"01-07-2021","184.55","188.60","189.00","183.00","1.74M","-1.65%"
"02-07-2021","186.40","183.05","187.50","182.15","2.40M","1.00%"
"05-07-2021","192.45","187.85","198.35","187.85","11.39M","3.25%"
"06-07-2021","188.80","193.80","194.80","187.35","2.84M","-1.90%"
"07-07-2021","192.85","187.80","193.95","185.40","2.80M","2.15%"
"08-07-2021","190.45","193.00","194.30","187.50","1.86M","-1.24%"
"09-07-2021","189.90","190.45","192.50","187.70","2.09M","-0.29%"
"12-07-2021","186.60","191.50","191.85","185.85","1.45M","-1.74%"
"13-07-2021","192.20","188.60","193.95","186.20","3.44M","3.00%"
"14-07-2021","192.20","190.05","195.35","189.50","3.09M","0.00%"
"15-07-2021","192.15","192.50","194.25","191.00","1.44M","-0.03%"
"16-07-2021","190.25","193.25","194.20","189.50","1.05M","-0.99%"
"19-07-2021","189.10","190.40","191.40","187.50","1.42M","-0.60%"
"20-07-2021","184.40","189.70","190.25","182.25","1.40M","-2.49%"
"22-07-2021","199.00","192.00","202.00","190.65","13.11M","7.92%"
"23-07-2021","208.35","206.45","210.50","201.50","13.37M","4.70%"
"26-07-2021","215.50","209.00","218.30","208.50","10.60M","3.43%"
"27-07-2021","235.30","219.50","241.70","218.10","22.25M","9.19%"
"28-07-2021","215.10","238.90","246.70","208.30","35.58M","-8.58%"
"29-07-2021","211.50","211.70","219.75","206.15","14.46M","-1.67%"
"30-07-2021","212.50","211.50","218.30","210.20","5.56M","0.47%"
"02-08-2021","211.70","214.05","215.50","210.20","3.12M","-0.38%"
"03-08-2021","206.75","212.45","213.55","205.00","3.15M","-2.34%"
"04-08-2021","213.05","207.10","216.95","207.10","6.88M","3.05%"
"05-08-2021","209.10","213.00","213.00","207.65","2.22M","-1.85%"
"06-08-2021","212.20","209.25","214.50","209.00","3.92M","1.48%"
"09-08-2021","207.90","211.90","213.70","206.30","2.04M","-2.03%"
"10-08-2021","202.90","208.30","211.35","194.05","3.59M","-2.41%"
"11-08-2021","196.50","203.95","204.60","192.05","3.41M","-3.15%"
"12-08-2021","203.65","197.80","205.60","195.25","4.23M","3.64%"
"13-08-2021","206.10","204.35","207.90","202.55","2.37M","1.20%"
"16-08-2021","201.95","206.00","206.00","200.80","1.50M","-2.01%"
"17-08-2021","200.50","202.00","202.20","197.50","1.39M","-0.72%"
"18-08-2021","199.95","200.50","201.70","197.80","1.56M","-0.27%"
"20-08-2021","189.20","197.00","197.85","186.30","2.46M","-5.38%"
"23-08-2021","181.70","190.85","192.65","178.60","2.34M","-3.96%"
"24-08-2021","196.60","182.00","199.80","179.75","5.86M","8.20%"
"25-08-2021","198.95","197.50","203.40","194.15","4.88M","1.20%"
"26-08-2021","195.95","198.90","201.20","194.45","2.09M","-1.51%"
"27-08-2021","194.95","195.45","196.85","192.65","1.36M","-0.51%"
"30-08-2021","198.95","196.80","200.80","196.00","1.64M","2.05%"
"31-08-2021","213.15","201.20","216.25","201.20","16.75M","7.14%"
"01-09-2021","211.10","214.00","214.25","207.90","3.16M","-0.96%"
"02-09-2021","209.50","211.90","213.75","208.70","2.48M","-0.76%"
"03-09-2021","207.60","210.00","211.25","206.40","1.76M","-0.91%"
"06-09-2021","204.10","207.60","209.50","203.20","1.43M","-1.69%"
"07-09-2021","212.45","211.35","217.00","209.60","11.93M","4.09%"
"08-09-2021","211.90","213.00","214.20","210.05","1.88M","-0.26%"
"09-09-2021","210.75","211.00","211.70","208.20","1.46M","-0.54%"
"13-09-2021","208.25","207.15","211.00","207.15","1.45M","-1.19%"
"14-09-2021","208.20","210.00","210.35","207.50","942.62K","-0.02%"
"15-09-2021","208.75","208.20","211.90","207.85","1.02M","0.26%"
"16-09-2021","212.35","209.75","214.90","207.95","3.48M","1.72%"
"17-09-2021","208.40","213.50","213.60","205.50","1.66M","-1.86%"
"20-09-2021","202.20","207.90","209.35","201.10","1.29M","-2.98%"
"21-09-2021","202.65","202.00","204.75","197.30","1.48M","0.22%"
"22-09-2021","205.80","205.90","208.45","204.55","1.10M","1.55%"
"23-09-2021","206.55","207.75","208.70","205.75","861.17K","0.36%"
"24-09-2021","203.40","209.50","209.50","202.75","1.12M","-1.53%"
"27-09-2021","203.50","205.00","206.50","201.50","1.01M","0.05%"
"28-09-2021","202.20","204.45","204.50","201.00","772.28K","-0.64%"
"29-09-2021","203.20","200.55","207.30","200.20","1.78M","0.49%"
"30-09-2021","203.55","204.00","206.35","203.00","1.03M","0.17%"
"01-10-2021","201.40","203.00","204.05","200.70","891.13K","-1.06%"
"04-10-2021","205.55","206.00","209.70","204.65","1.54M","2.06%"
"05-10-2021","205.40","205.50","207.70","204.50","975.54K","-0.07%"
"06-10-2021","212.95","206.00","218.90","204.10","10.04M","3.68%"
"07-10-2021","218.35","215.40","220.00","215.00","5.32M","2.54%"
"08-10-2021","218.90","221.00","223.50","218.00","3.79M","0.25%"
"11-10-2021","216.85","219.50","220.40","215.30","1.88M","-0.94%"
"12-10-2021","227.85","217.30","229.60","216.50","9.33M","5.07%"
"13-10-2021","233.90","230.25","242.25","229.60","10.64M","2.66%"
"14-10-2021","230.45","236.00","237.80","227.80","3.38M","-1.47%"
"18-10-2021","234.15","232.90","238.00","231.25","4.55M","1.61%"
"19-10-2021","235.80","241.00","254.40","230.25","19.53M","0.70%"
"20-10-2021","227.05","237.00","242.00","224.00","5.14M","-3.71%"
"21-10-2021","225.30","229.80","231.20","223.05","2.44M","-0.77%"
"22-10-2021","218.80","227.00","228.30","214.50","2.63M","-2.89%"
"25-10-2021","212.30","218.90","222.05","207.70","2.23M","-2.97%"
"26-10-2021","214.40","212.00","218.00","210.55","1.77M","0.99%"
"27-10-2021","214.40","216.40","220.25","213.30","1.65M","0.00%"
"28-10-2021","209.95","213.00","214.70","208.55","1.27M","-2.08%"
"29-10-2021","207.90","210.00","212.00","203.80","1.50M","-0.98%"
"01-11-2021","211.80","209.20","215.85","207.15","2.17M","1.88%"
"02-11-2021","213.55","213.50","215.35","211.10","1.09M","0.83%"
"03-11-2021","212.80","214.15","214.15","211.50","859.80K","-0.35%"
"04-11-2021","215.85","214.50","216.50","213.00","516.07K","1.43%"
"08-11-2021","216.05","217.55","218.70","214.00","1.08M","0.09%"
"09-11-2021","218.75","216.05","221.50","215.55","1.66M","1.25%"
"10-11-2021","220.55","218.00","227.25","217.00","3.50M","0.82%"
"11-11-2021","219.70","221.20","224.25","218.40","1.38M","-0.39%"
"12-11-2021","220.70","221.75","225.75","217.80","1.86M","0.46%"
"15-11-2021","225.60","224.90","227.80","222.45","3.04M","2.22%"
"16-11-2021","224.80","227.40","229.00","223.25","2.02M","-0.35%"
"17-11-2021","228.85","227.00","231.40","226.95","4.58M","1.80%"
"18-11-2021","225.40","230.40","231.95","222.20","3.23M","-1.51%"
"22-11-2021","213.85","225.00","225.00","211.70","2.44M","-5.12%"
"23-11-2021","217.30","211.00","219.40","206.85","1.94M","1.61%"
"24-11-2021","216.60","219.35","223.00","215.80","1.32M","-0.32%"
"25-11-2021","216.70","217.70","218.40","215.15","838.22K","0.05%"
"26-11-2021","208.05","215.00","215.25","206.95","1.44M","-3.99%"
"29-11-2021","199.40","205.35","206.75","192.15","1.97M","-4.16%"
"30-11-2021","202.85","199.95","207.00","199.95","1.15M","1.73%"
"01-12-2021","204.50","204.65","208.90","203.05","939.06K","0.81%"
"02-12-2021","205.35","205.70","206.00","203.40","637.57K","0.42%"
"03-12-2021","204.35","205.00","207.80","203.50","915.55K","-0.49%"
"06-12-2021","202.50","206.90","206.90","202.00","683.36K","-0.91%"
"07-12-2021","212.40","207.00","214.40","204.10","1.66M","4.89%"
"08-12-2021","213.50","213.00","215.80","210.50","1.93M","0.52%"
"09-12-2021","212.80","213.50","215.00","211.25","967.37K","-0.33%"
"10-12-2021","216.45","213.00","219.25","212.10","2.51M","1.72%"
"13-12-2021","214.65","218.25","218.25","213.10","865.94K","-0.83%"
"14-12-2021","212.95","214.70","214.70","211.65","683.98K","-0.79%"
"15-12-2021","211.10","213.90","213.90","210.00","636.37K","-0.87%"
"16-12-2021","207.80","213.00","213.00","207.00","749.87K","-1.56%"
"17-12-2021","204.25","208.00","208.00","203.05","734.53K","-1.71%"
"20-12-2021","194.55","200.00","200.00","190.30","1.74M","-4.75%"
"21-12-2021","199.65","196.00","204.05","196.00","1.23M","2.62%"
"22-12-2021","205.00","202.90","207.80","201.35","1.22M","2.68%"
"23-12-2021","202.95","206.00","206.85","202.05","641.12K","-1.00%"
"24-12-2021","201.00","203.90","203.90","199.35","730.73K","-0.96%"
"27-12-2021","218.35","200.00","222.00","196.00","5.89M","8.63%"
"28-12-2021","212.35","219.65","220.45","211.55","2.87M","-2.75%"
"29-12-2021","211.35","213.00","216.70","210.00","2.71M","-0.47%"
"30-12-2021","208.50","211.45","211.50","207.90","977.48K","-1.35%"
"31-12-2021","213.15","208.90","216.20","208.40","3.05M","2.23%"